Filename,To be deleted,Unclear,Strict delete
0000_FV.png,nok,,nok
0001_FV.png,nok,,nok
0002_FV.png,nok,,nok
0003_FV.png,nok,,nok
0004_FV.png,nok,,nok
0005_FV.png,nok,,nok
0006_FV.png,nok,,nok
0007_FV.png,nok,,nok
0008_MVL.png,,unclear,nok
0009_MVL.png,,unclear,nok
0010_MVL.png,,unclear,nok
0011_MVL.png,,unclear,nok
0012_MVL.png,,unclear,nok
0013_MVL.png,,unclear,nok
0014_MVL.png,,unclear,nok
0015_MVR.png,,unclear,nok
0016_MVR.png,,unclear,nok
0017_MVR.png,,unclear,nok
0018_MVR.png,,unclear,nok
0019_MVR.png,,unclear,nok
0020_MVR.png,,unclear,nok
0021_MVR.png,,unclear,nok
0022_MVR.png,,unclear,nok
0023_RV.png,,unclear,nok
0024_RV.png,,unclear,nok
0025_RV.png,,unclear,nok
0026_RV.png,,unclear,nok
0027_RV.png,,unclear,nok
0028_RV.png,,unclear,nok
0029_RV.png,,unclear,nok
0030_FV.png,,,nok
0031_FV.png,,,nok
0032_FV.png,,,nok
0033_FV.png,,,nok
0034_FV.png,,,nok
0035_FV.png,,,nok
0036_FV.png,,,nok
0037_FV.png,,,nok
0038_FV.png,,,nok
0039_MVL.png,,,nok
0040_MVL.png,,,nok
0041_MVL.png,,,nok
0042_MVL.png,,,nok
0043_MVL.png,,,nok
0044_MVL.png,,,nok
0045_MVL.png,,,nok
0046_MVL.png,,,nok
0047_MVL.png,,,nok
0048_MVR.png,,,nok
0049_MVR.png,,,nok
0050_MVR.png,,,nok
0051_MVR.png,,,nok
0052_MVR.png,,,nok
0053_MVR.png,,,nok
0054_MVR.png,,,nok
0055_MVR.png,,,nok
0056_MVR.png,,,nok
0057_RV.png,,,nok
0058_RV.png,,,nok
0059_RV.png,,,nok
0060_RV.png,,,nok
0061_RV.png,,,nok
0062_RV.png,,,nok
0063_RV.png,,,nok
0064_RV.png,,,nok
0065_RV.png,,,nok
0066_FV.png,,,nok
0067_FV.png,,,nok
0068_FV.png,,,nok
0069_FV.png,,,nok
0070_FV.png,,,nok
0071_FV.png,,,nok
0072_FV.png,,,nok
0073_FV.png,,,nok
0074_MVL.png,,,nok
0075_MVL.png,,,nok
0076_MVL.png,,,nok
0077_MVL.png,,,nok
0078_MVL.png,,,nok
0079_MVL.png,,,nok
0080_MVL.png,,,nok
0081_MVR.png,,,nok
0082_MVR.png,,,nok
0083_MVR.png,,,nok
0084_MVR.png,,,nok
0085_MVR.png,,,nok
0086_MVR.png,,,nok
0087_MVR.png,,,nok
0088_RV.png,,,
0089_RV.png,,,
0090_RV.png,,,
0091_RV.png,,,
0092_RV.png,,,
0093_RV.png,,,
0094_RV.png,,,
0095_RV.png,,,
0096_FV.png,,,nok
0097_FV.png,,,nok
0098_FV.png,,,nok
0099_FV.png,,,nok
0100_FV.png,,,nok
0101_FV.png,,,nok
0102_FV.png,,,nok
0103_FV.png,,,nok
0104_MVL.png,,,nok
0105_MVL.png,,,nok
0106_MVL.png,,,nok
0107_MVL.png,,,nok
0108_MVL.png,,,nok
0109_MVL.png,,,nok
0110_MVL.png,,,nok
0111_MVL.png,,,nok
0112_MVR.png,,,nok
0113_MVR.png,,,nok
0114_MVR.png,,,nok
0115_MVR.png,,,nok
0116_MVR.png,,,nok
0117_MVR.png,,,nok
0118_MVR.png,,,nok
0119_MVR.png,,,nok
0120_RV.png,,unclear,nok
0121_RV.png,,unclear,nok
0122_RV.png,,unclear,nok
0123_RV.png,,unclear,nok
0124_RV.png,,unclear,nok
0125_RV.png,,unclear,nok
0126_RV.png,,unclear,nok
0127_FV.png,,,nok
0128_FV.png,,,nok
0129_FV.png,,,nok
0130_FV.png,,,nok
0131_FV.png,,,nok
0132_FV.png,,,nok
0133_FV.png,,,nok
0134_FV.png,,,nok
0135_MVL.png,,unclear,nok
0136_MVL.png,,unclear,nok
0137_MVL.png,,unclear,nok
0138_MVL.png,,unclear,nok
0139_MVL.png,,unclear,nok
0140_MVL.png,,unclear,nok
0141_MVL.png,,unclear,nok
0142_MVR.png,,,nok
0143_MVR.png,,,nok
0144_MVR.png,,,nok
0145_MVR.png,,,nok
0146_MVR.png,,,nok
0147_MVR.png,,,nok
0148_MVR.png,,,nok
0149_MVR.png,,,nok
0150_RV.png,,unclear,nok
0151_RV.png,,unclear,nok
0152_RV.png,,unclear,nok
0153_RV.png,,unclear,nok
0154_RV.png,,unclear,nok
0155_RV.png,,unclear,nok
0156_RV.png,,unclear,nok
0157_FV.png,,,nok
0158_FV.png,,,nok
0159_FV.png,,,nok
0160_FV.png,,,nok
0161_FV.png,,,nok
0162_FV.png,,,nok
0163_FV.png,,,nok
0164_FV.png,,,nok
0165_FV.png,,,nok
0166_MVL.png,,unclear,nok
0167_MVL.png,,unclear,nok
0168_MVL.png,,unclear,nok
0169_MVL.png,,unclear,nok
0170_MVL.png,,unclear,nok
0171_MVL.png,,unclear,nok
0172_MVL.png,,unclear,nok
0173_MVR.png,,unclear,nok
0174_MVR.png,,unclear,nok
0175_MVR.png,,unclear,nok
0176_MVR.png,,unclear,nok
0177_MVR.png,,unclear,nok
0178_MVR.png,,unclear,nok
0179_MVR.png,,unclear,nok
0180_MVR.png,,unclear,nok
0181_MVR.png,,unclear,nok
0182_RV.png,,unclear,nok
0183_RV.png,,unclear,nok
0184_RV.png,,unclear,nok
0185_RV.png,,unclear,nok
0186_RV.png,,unclear,nok
0187_RV.png,,unclear,nok
0188_RV.png,,unclear,nok
0189_RV.png,,unclear,nok
0190_RV.png,,unclear,nok
0191_FV.png,,,
0192_FV.png,,,
0193_FV.png,,,
0194_FV.png,,,
0195_FV.png,,,
0196_FV.png,,,
0197_FV.png,,,
0198_FV.png,,,
0199_MVL.png,nok,,nok
0200_MVL.png,nok,,nok
0201_MVL.png,nok,,nok
0202_MVL.png,nok,,nok
0203_MVL.png,nok,,nok
0204_MVL.png,nok,,nok
0205_MVL.png,nok,,nok
0206_MVL.png,nok,,nok
0207_MVR.png,,,nok
0208_MVR.png,,,nok
0209_MVR.png,,,nok
0210_MVR.png,,,nok
0211_MVR.png,,,nok
0212_MVR.png,,,nok
0213_MVR.png,,,nok
0214_RV.png,,,nok
0215_RV.png,,,nok
0216_RV.png,,,nok
0217_RV.png,,,nok
0218_RV.png,,,nok
0219_RV.png,,,nok
0220_RV.png,,,nok
0221_RV.png,,,nok
0222_FV.png,,,
0223_FV.png,,,
0224_FV.png,,,
0225_FV.png,,,
0226_FV.png,,,
0227_FV.png,,,
0228_FV.png,,,
0229_FV.png,,,
0230_MVL.png,,unclear,nok
0231_MVL.png,,unclear,nok
0232_MVL.png,,unclear,nok
0233_MVL.png,,unclear,nok
0234_MVL.png,,unclear,nok
0235_MVL.png,,unclear,nok
0236_MVL.png,,unclear,nok
0237_MVL.png,,unclear,nok
0238_MVR.png,nok,,nok
0239_MVR.png,nok,,nok
0240_MVR.png,nok,,nok
0241_MVR.png,nok,,nok
0242_MVR.png,nok,,nok
0243_MVR.png,nok,,nok
0244_MVR.png,nok,,nok
0245_RV.png,,unclear,nok
0246_RV.png,,unclear,nok
0247_RV.png,,unclear,nok
0248_RV.png,,unclear,nok
0249_RV.png,,unclear,nok
0250_RV.png,,unclear,nok
0251_RV.png,,unclear,nok
0252_RV.png,,unclear,nok
0253_FV.png,,,
0254_FV.png,,,
0255_FV.png,,,
0256_FV.png,,,
0257_FV.png,,,
0258_FV.png,,,
0259_FV.png,,,
0260_FV.png,,,
0261_MVL.png,,,
0262_MVL.png,,,
0263_MVL.png,,,
0264_MVL.png,,,
0265_MVL.png,,,
0266_MVL.png,,,
0267_MVL.png,,,
0268_MVR.png,,,
0269_MVR.png,,,nok
0270_MVR.png,,,nok
0271_MVR.png,,,nok
0272_MVR.png,,,nok
0273_MVR.png,,,nok
0274_MVR.png,,,nok
0275_MVR.png,,,nok
0276_RV.png,,,nok
0277_RV.png,,,nok
0278_RV.png,,,nok
0279_RV.png,,,nok
0280_RV.png,,,nok
0281_RV.png,,,nok
0282_RV.png,,,nok
0283_FV.png,nok,,nok
0284_FV.png,nok,,nok
0285_FV.png,nok,,nok
0286_FV.png,nok,,nok
0287_FV.png,nok,,nok
0288_FV.png,nok,,nok
0289_FV.png,nok,,nok
0290_FV.png,nok,,nok
0291_MVL.png,,,nok
0292_MVL.png,,,nok
0293_MVL.png,,,nok
0294_MVL.png,,,nok
0295_MVL.png,,,nok
0296_MVL.png,,,nok
0297_MVL.png,,,nok
0298_MVR.png,,,nok
0299_MVR.png,,,nok
0300_MVR.png,,,nok
0301_MVR.png,,,nok
0302_MVR.png,,,nok
0303_MVR.png,,,nok
0304_MVR.png,,,nok
0305_RV.png,nok,,nok
0306_RV.png,nok,,nok
0307_RV.png,nok,,nok
0308_RV.png,nok,,nok
0309_RV.png,nok,,nok
0310_RV.png,nok,,nok
0311_RV.png,nok,,nok
0312_RV.png,nok,,nok
0313_FV.png,,unclear,nok
0314_FV.png,,unclear,nok
0315_FV.png,,unclear,nok
0316_FV.png,,unclear,nok
0317_MVL.png,nok,,nok
0318_MVL.png,nok,,nok
0319_MVL.png,nok,,nok
0320_MVL.png,nok,,nok
0321_MVR.png,nok,,nok
0322_MVR.png,nok,,nok
0323_MVR.png,nok,,nok
0324_MVR.png,nok,,nok
0325_RV.png,,,nok
0326_RV.png,,,nok
0327_RV.png,,,nok
0328_RV.png,,,nok
0329_FV.png,,,nok
0330_FV.png,,,nok
0331_FV.png,,,nok
0332_FV.png,,,nok
0333_FV.png,,,nok
0334_FV.png,,,nok
0335_FV.png,,,nok
0336_FV.png,,,nok
0337_FV.png,,,nok
0338_MVL.png,,,nok
0339_MVL.png,,,nok
0340_MVL.png,,,nok
0341_MVL.png,,,nok
0342_MVL.png,,,nok
0343_MVL.png,,,nok
0344_MVL.png,,,nok
0345_MVL.png,,,nok
0346_MVL.png,,,
0347_MVR.png,,,
0348_MVR.png,,,
0349_MVR.png,,,
0350_MVR.png,,,
0351_MVR.png,,,
0352_MVR.png,,,
0353_MVR.png,,,
0354_MVR.png,,,
0355_MVR.png,,,
0356_RV.png,,,
0357_RV.png,,,
0358_RV.png,,,
0359_RV.png,,,
0360_RV.png,,,
0361_RV.png,,,
0362_RV.png,,,
0363_RV.png,,,
0364_RV.png,,,
0365_FV.png,,,
0366_FV.png,,,nok
0367_FV.png,,,nok
0368_FV.png,,,nok
0369_FV.png,,,nok
0370_FV.png,,,nok
0371_FV.png,,,nok
0372_FV.png,,,nok
0373_MVL.png,,,
0374_MVL.png,,,
0375_MVL.png,,,
0376_MVL.png,,,
0377_MVL.png,,,
0378_MVL.png,,,
0379_MVL.png,,,
0380_MVR.png,,,
0381_MVR.png,,,nok
0382_MVR.png,,,nok
0383_MVR.png,,,nok
0384_MVR.png,,,nok
0385_MVR.png,,,nok
0386_MVR.png,,,nok
0387_MVR.png,,,nok
0388_RV.png,,,nok
0389_RV.png,,,nok
0390_RV.png,,,nok
0391_RV.png,,,nok
0392_RV.png,,,nok
0393_RV.png,,,nok
0394_RV.png,,,nok
0395_FV.png,,,
0396_FV.png,,,
0397_FV.png,,,
0398_FV.png,,,
0399_FV.png,,,
0400_FV.png,,,
0401_FV.png,,,
0402_FV.png,,,
0403_FV.png,,,
0404_MVL.png,,,nok
0405_MVL.png,,,nok
0406_MVL.png,,,nok
0407_MVL.png,,,nok
0408_MVL.png,,,nok
0409_MVR.png,,,nok
0410_MVR.png,,,nok
0411_MVR.png,,,nok
0412_MVR.png,,,nok
0413_MVR.png,,,nok
0414_MVR.png,,,nok
0415_MVR.png,,,nok
0416_MVR.png,,,nok
0417_MVR.png,,,nok
0418_RV.png,,,nok
0419_RV.png,,,nok
0420_RV.png,,,nok
0421_RV.png,,,nok
0422_RV.png,,,nok
0423_RV.png,,,nok
0424_RV.png,,,nok
0425_RV.png,,,nok
0426_FV.png,nok,,nok
0427_FV.png,nok,,nok
0428_FV.png,nok,,nok
0429_FV.png,nok,,nok
0430_FV.png,nok,,nok
0431_FV.png,nok,,nok
0432_FV.png,nok,,nok
0433_FV.png,nok,,nok
0434_MVL.png,,,nok
0435_MVL.png,,,
0436_MVL.png,,,
0437_MVL.png,,,
0438_MVL.png,,,
0439_MVL.png,,,
0440_MVL.png,,,
0441_MVL.png,,,
0442_MVR.png,,,nok
0443_MVR.png,,,nok
0444_MVR.png,,,nok
0445_MVR.png,,,nok
0446_MVR.png,,,nok
0447_MVR.png,,,nok
0448_MVR.png,,,nok
0449_RV.png,nok,,nok
0450_RV.png,nok,,nok
0451_RV.png,nok,,nok
0452_RV.png,nok,,nok
0453_RV.png,nok,,nok
0454_RV.png,nok,,nok
0455_RV.png,nok,,nok
0456_RV.png,nok,,nok
0457_FV.png,,unclear,nok
0458_FV.png,,unclear,nok
0459_FV.png,,unclear,nok
0460_FV.png,,unclear,nok
0461_FV.png,,unclear,nok
0462_FV.png,,unclear,nok
0463_FV.png,,unclear,nok
0464_FV.png,,unclear,nok
0465_MVL.png,nok,,nok
0466_MVL.png,nok,,nok
0467_MVL.png,nok,,nok
0468_MVL.png,nok,,nok
0469_MVL.png,nok,,nok
0470_MVL.png,nok,,nok
0471_MVL.png,nok,,nok
0472_MVR.png,nok,,nok
0473_MVR.png,nok,,nok
0474_MVR.png,nok,,nok
0475_MVR.png,nok,,nok
0476_MVR.png,nok,,nok
0477_MVR.png,nok,,nok
0478_MVR.png,nok,,nok
0479_MVR.png,nok,,nok
0480_RV.png,,unclear,nok
0481_RV.png,,unclear,nok
0482_RV.png,,unclear,nok
0483_RV.png,,unclear,nok
0484_RV.png,,unclear,nok
0485_RV.png,,unclear,nok
0486_RV.png,,unclear,nok
0487_FV.png,,,nok
0488_FV.png,,,nok
0489_FV.png,,,nok
0490_FV.png,,,nok
0491_FV.png,,,nok
0492_FV.png,,,nok
0493_FV.png,,,nok
0494_FV.png,,,nok
0495_MVL.png,,,nok
0496_MVL.png,,,nok
0497_MVL.png,,,nok
0498_MVL.png,,,nok
0499_MVL.png,,,nok
0500_MVL.png,,,nok
0501_MVL.png,,,nok
0502_MVR.png,,unclear,nok
0503_MVR.png,,unclear,nok
0504_MVR.png,,unclear,nok
0505_MVR.png,,unclear,nok
0506_MVR.png,,unclear,nok
0507_MVR.png,,unclear,nok
0508_MVR.png,,unclear,nok
0509_MVR.png,,unclear,nok
0510_RV.png,,,nok
0511_RV.png,,,nok
0512_RV.png,,,nok
0513_RV.png,,,nok
0514_RV.png,,,nok
0515_RV.png,,,nok
0516_RV.png,,,nok
0517_FV.png,,,nok
0518_FV.png,,,nok
0519_FV.png,,,nok
0520_FV.png,,,nok
0521_FV.png,,,nok
0522_FV.png,,,nok
0523_FV.png,,,nok
0524_FV.png,,,nok
0525_MVL.png,,,nok
0526_MVL.png,,,nok
0527_MVL.png,,,nok
0528_MVL.png,,,nok
0529_MVL.png,,,nok
0530_MVL.png,,,nok
0531_MVL.png,,,nok
0532_MVR.png,,,
0533_MVR.png,,,
0534_MVR.png,,,
0535_MVR.png,,,
0536_MVR.png,,,
0537_MVR.png,,,
0538_MVR.png,,,
0539_MVR.png,,,
0540_RV.png,,,
0541_RV.png,,,
0542_RV.png,,,
0543_RV.png,,,
0544_RV.png,,,
0545_RV.png,,,
0546_RV.png,,,
0547_FV.png,nok,,nok
0548_FV.png,nok,,nok
0549_FV.png,nok,,nok
0550_FV.png,nok,,nok
0551_FV.png,nok,,nok
0552_FV.png,nok,,nok
0553_FV.png,nok,,nok
0554_FV.png,nok,,nok
0555_MVL.png,,,nok
0556_MVL.png,,,nok
0557_MVL.png,,,nok
0558_MVL.png,,,nok
0559_MVL.png,,,nok
0560_MVL.png,,,nok
0561_MVL.png,,,nok
0562_MVL.png,,,nok
0563_MVR.png,,,
0564_MVR.png,,,
0565_MVR.png,,,
0566_MVR.png,,,
0567_MVR.png,,,
0568_MVR.png,,,
0569_MVR.png,,,
0570_MVR.png,,,
0571_RV.png,nok,,nok
0572_RV.png,nok,,nok
0573_RV.png,nok,,nok
0574_RV.png,nok,,nok
0575_RV.png,nok,,nok
0576_RV.png,nok,,nok
0577_RV.png,nok,,nok
0578_RV.png,nok,,nok
0579_FV.png,,,
0580_FV.png,,,
0581_FV.png,,,
0582_FV.png,,,
0583_FV.png,,,
0584_FV.png,,,
0585_FV.png,,,
0586_FV.png,,,
0587_MVL.png,,,
0588_MVL.png,,,
0589_MVL.png,,,
0590_MVL.png,,,
0591_MVL.png,,,
0592_MVL.png,,,
0593_MVR.png,,,
0594_MVR.png,,,
0595_MVR.png,,,
0596_MVR.png,,,
0597_MVR.png,,,
0598_MVR.png,,,
0599_MVR.png,,,
0600_MVR.png,,,
0601_RV.png,,,
0602_RV.png,,,
0603_RV.png,,,
0604_RV.png,,,
0605_RV.png,,,
0606_RV.png,,,
0607_RV.png,,,
0608_FV.png,,,nok
0609_FV.png,,,nok
0610_FV.png,,,nok
0611_FV.png,,,nok
0612_FV.png,,,nok
0613_FV.png,,,nok
0614_FV.png,,,nok
0615_MVL.png,,,
0616_MVL.png,,,
0617_MVL.png,,,
0618_MVL.png,,,
0619_MVL.png,,,
0620_MVL.png,,,
0621_MVR.png,,,nok
0622_MVR.png,,,nok
0623_MVR.png,,,nok
0624_MVR.png,,,nok
0625_MVR.png,,,nok
0626_MVR.png,,,nok
0627_MVR.png,,,nok
0628_MVR.png,,,nok
0629_RV.png,,,nok
0630_RV.png,,,nok
0631_RV.png,,,nok
0632_RV.png,,,nok
0633_RV.png,,,nok
0634_RV.png,,,nok
0635_RV.png,,,nok
0636_RV.png,,,nok
0637_FV.png,nok,,nok
0638_FV.png,nok,,nok
0639_FV.png,nok,,nok
0640_FV.png,nok,,nok
0641_FV.png,nok,,nok
0642_FV.png,nok,,nok
0643_FV.png,nok,,nok
0644_FV.png,nok,,nok
0645_MVL.png,,,
0646_MVL.png,,,
0647_MVL.png,,,
0648_MVL.png,,,
0649_MVL.png,,,
0650_MVL.png,,,
0651_MVL.png,,,
0652_MVL.png,,,
0653_MVR.png,,,
0654_MVR.png,,,
0655_MVR.png,,,
0656_MVR.png,,,
0657_MVR.png,,,
0658_MVR.png,,,
0659_MVR.png,,,
0660_MVR.png,,,
0661_RV.png,nok,,nok
0662_RV.png,nok,,nok
0663_RV.png,nok,,nok
0664_RV.png,nok,,nok
0665_RV.png,nok,,nok
0666_RV.png,nok,,nok
0667_RV.png,nok,,nok
0668_FV.png,,,
0669_FV.png,,,
0670_FV.png,,,
0671_FV.png,,,
0672_FV.png,,,
0673_MVL.png,,,
0674_MVL.png,,,
0675_MVL.png,,,
0676_MVL.png,,,
0677_MVL.png,,,
0678_MVL.png,,,
0679_MVL.png,,,
0680_MVR.png,,,
0681_MVR.png,,,
0682_MVR.png,,,
0683_MVR.png,,,
0684_MVR.png,,,
0685_MVR.png,,,
0686_MVR.png,,,
0687_MVR.png,,,
0688_RV.png,,,
0689_RV.png,,,
0690_RV.png,,,
0691_RV.png,,,
0692_RV.png,,,
0693_RV.png,,,
0694_RV.png,,,
0695_RV.png,,,
0696_FV.png,,,nok
0697_FV.png,,,nok
0698_FV.png,,,nok
0699_FV.png,,,nok
0700_FV.png,,,nok
0701_FV.png,,,nok
0702_FV.png,,,nok
0703_FV.png,,,nok
0704_MVL.png,,,nok
0705_MVL.png,,,nok
0706_MVL.png,,,nok
0707_MVL.png,,,nok
0708_MVL.png,,,nok
0709_MVL.png,,,nok
0710_MVL.png,,,nok
0711_MVR.png,,,nok
0712_MVR.png,,,nok
0713_MVR.png,,,nok
0714_MVR.png,,,nok
0715_MVR.png,,,nok
0716_MVR.png,,,nok
0717_MVR.png,,,nok
0718_MVR.png,,,nok
0719_RV.png,nok,,nok
0720_RV.png,nok,,nok
0721_RV.png,nok,,nok
0722_RV.png,nok,,nok
0723_RV.png,nok,,nok
0724_RV.png,nok,,nok
0725_RV.png,nok,,nok
0726_FV.png,nok,,nok
0727_FV.png,nok,,nok
0728_FV.png,nok,,nok
0729_FV.png,nok,,nok
0730_FV.png,nok,,nok
0731_FV.png,nok,,nok
0732_FV.png,nok,,nok
0733_FV.png,nok,,nok
0734_MVL.png,nok,,nok
0735_MVL.png,nok,,nok
0736_MVL.png,nok,,nok
0737_MVL.png,nok,,nok
0738_MVL.png,nok,,nok
0739_MVL.png,nok,,nok
0740_MVL.png,nok,,nok
0741_MVR.png,nok,,nok
0742_MVR.png,nok,,nok
0743_MVR.png,nok,,nok
0744_MVR.png,nok,,nok
0745_MVR.png,nok,,nok
0746_MVR.png,nok,,nok
0747_MVR.png,nok,,nok
0748_MVR.png,nok,,nok
0749_RV.png,,,nok
0750_RV.png,,,nok
0751_RV.png,,,nok
0752_RV.png,,,nok
0753_RV.png,,,nok
0754_RV.png,,,nok
0755_RV.png,,,nok
0756_FV.png,,,nok
0757_FV.png,,,nok
0758_FV.png,,,nok
0759_FV.png,,,nok
0760_FV.png,,,nok
0761_MVL.png,,,
0762_MVL.png,,,
0763_MVL.png,,,
0764_MVL.png,,,
0765_MVL.png,,,
0766_MVR.png,,,
0767_MVR.png,,,
0768_RV.png,,,
0769_RV.png,,,
0770_RV.png,,,
0771_RV.png,,,
0772_RV.png,,,
0773_FV.png,,,
0774_FV.png,,,
0775_FV.png,,,
0776_FV.png,,,
0777_FV.png,,,
0778_FV.png,,,
0779_FV.png,,,
0780_FV.png,,,
0781_FV.png,,,
0782_FV.png,,,
0783_FV.png,,,
0784_MVL.png,,,nok
0785_MVL.png,,,nok
0786_MVL.png,,,nok
0787_MVL.png,,,nok
0788_MVL.png,,,nok
0789_MVL.png,,,nok
0790_MVL.png,,,nok
0791_MVL.png,,,nok
0792_MVL.png,,,nok
0793_MVL.png,,,nok
0794_MVL.png,,,nok
0795_MVL.png,,,nok
0796_MVL.png,,,nok
0797_MVR.png,,,nok
0798_MVR.png,,,nok
0799_MVR.png,,,nok
0800_MVR.png,,,nok
0801_MVR.png,,,nok
0802_MVR.png,,,nok
0803_MVR.png,,,nok
0804_MVR.png,,,nok
0805_MVR.png,,,nok
0806_MVR.png,,,nok
0807_MVR.png,,,nok
0808_RV.png,,,nok
0809_RV.png,,,nok
0810_RV.png,,,nok
0811_RV.png,,,nok
0812_RV.png,,,nok
0813_RV.png,,,nok
0814_RV.png,,,nok
0815_RV.png,,,nok
0816_RV.png,,,nok
0817_RV.png,,,nok
0818_RV.png,,,nok
0819_RV.png,,,nok
0820_RV.png,,,nok
0821_FV.png,,,
0822_FV.png,,,
0823_FV.png,,,
0824_FV.png,,,
0825_FV.png,,,
0826_FV.png,,,
0827_FV.png,,,
0828_FV.png,,,
0829_MVL.png,,,nok
0830_MVL.png,,,nok
0831_MVL.png,,,nok
0832_MVL.png,,,nok
0833_MVL.png,,,nok
0834_MVL.png,,,nok
0835_MVL.png,,,nok
0836_MVR.png,,,nok
0837_MVR.png,,,nok
0838_MVR.png,,,nok
0839_MVR.png,,,nok
0840_MVR.png,,,nok
0841_MVR.png,,,nok
0842_MVR.png,,,nok
0843_MVR.png,,,nok
0844_RV.png,,,nok
0845_RV.png,,,nok
0846_RV.png,,,nok
0847_RV.png,,,nok
0848_RV.png,,,nok
0849_RV.png,,,nok
0850_RV.png,,,nok
0851_FV.png,nok,,nok
0852_FV.png,nok,,nok
0853_FV.png,nok,,nok
0854_FV.png,nok,,nok
0855_FV.png,nok,,nok
0856_FV.png,nok,,nok
0857_FV.png,nok,,nok
0858_FV.png,nok,,nok
0859_MVL.png,nok,,nok
0860_MVL.png,nok,,nok
0861_MVL.png,nok,,nok
0862_MVL.png,nok,,nok
0863_MVL.png,nok,,nok
0864_MVL.png,nok,,nok
0865_MVL.png,nok,,nok
0866_MVR.png,nok,,nok
0867_MVR.png,nok,,nok
0868_MVR.png,nok,,nok
0869_MVR.png,nok,,nok
0870_MVR.png,nok,,nok
0871_MVR.png,nok,,nok
0872_MVR.png,nok,,nok
0873_MVR.png,nok,,nok
0874_RV.png,,,nok
0875_RV.png,,,nok
0876_RV.png,,,nok
0877_RV.png,,,nok
0878_RV.png,,,nok
0879_RV.png,,,nok
0880_RV.png,,,nok
0881_FV.png,nok,,nok
0882_FV.png,nok,,nok
0883_FV.png,nok,,nok
0884_FV.png,nok,,nok
0885_FV.png,nok,,nok
0886_FV.png,nok,,nok
0887_FV.png,nok,,nok
0888_MVL.png,nok,,nok
0889_MVL.png,nok,,nok
0890_MVL.png,nok,,nok
0891_MVL.png,nok,,nok
0892_MVL.png,nok,,nok
0893_MVR.png,nok,,nok
0894_MVR.png,nok,,nok
0895_MVR.png,nok,,nok
0896_MVR.png,nok,,nok
0897_MVR.png,nok,,nok
0898_MVR.png,nok,,nok
0899_MVR.png,nok,,nok
0900_RV.png,nok,,nok
0901_RV.png,nok,,nok
0902_RV.png,nok,,nok
0903_RV.png,nok,,nok
0904_RV.png,nok,,nok
0905_RV.png,nok,,nok
0906_RV.png,nok,,nok
0907_RV.png,nok,,nok
0908_FV.png,,unclear,nok
0909_FV.png,,unclear,nok
0910_FV.png,,unclear,nok
0911_FV.png,,unclear,nok
0912_FV.png,,unclear,nok
0913_FV.png,,unclear,nok
0914_FV.png,,unclear,nok
0915_FV.png,,unclear,nok
0916_MVL.png,,,
0917_MVL.png,,,
0918_MVL.png,,,
0919_MVL.png,,,
0920_MVL.png,,,
0921_MVL.png,,,
0922_MVL.png,,,
0923_MVR.png,,unclear,nok
0924_MVR.png,,unclear,nok
0925_MVR.png,,unclear,nok
0926_MVR.png,,unclear,nok
0927_MVR.png,,unclear,nok
0928_MVR.png,,unclear,nok
0929_MVR.png,,unclear,nok
0930_MVR.png,,unclear,nok
0931_RV.png,,,nok
0932_RV.png,,,nok
0933_RV.png,,,nok
0934_RV.png,,,nok
0935_RV.png,,,nok
0936_RV.png,,,nok
0937_RV.png,,,nok
0938_FV.png,,,
0939_FV.png,,,
0940_FV.png,,,
0941_FV.png,,,
0942_FV.png,,,
0943_FV.png,,,
0944_FV.png,,,
0945_FV.png,,,
0946_MVL.png,nok,,nok
0947_MVL.png,nok,,nok
0948_MVL.png,nok,,nok
0949_MVL.png,nok,,nok
0950_MVL.png,nok,,nok
0951_MVL.png,nok,,nok
0952_MVL.png,nok,,nok
0953_MVR.png,nok,,nok
0954_MVR.png,nok,,nok
0955_MVR.png,nok,,nok
0956_MVR.png,nok,,nok
0957_MVR.png,nok,,nok
0958_MVR.png,nok,,nok
0959_MVR.png,nok,,nok
0960_MVR.png,nok,,nok
0961_RV.png,nok,,nok
0962_RV.png,nok,,nok
0963_RV.png,nok,,nok
0964_RV.png,nok,,nok
0965_RV.png,nok,,nok
0966_RV.png,nok,,nok
0967_RV.png,nok,,nok
0968_FV.png,,,nok
0969_FV.png,,,nok
0970_FV.png,,,nok
0971_FV.png,,,nok
0972_FV.png,,,nok
0973_FV.png,,,nok
0974_FV.png,,,nok
0975_FV.png,,,nok
0976_FV.png,,,nok
0977_FV.png,,,nok
0978_FV.png,,,nok
0979_MVL.png,,,nok
0980_MVL.png,,,nok
0981_MVL.png,,,nok
0982_MVL.png,,,nok
0983_MVL.png,,,nok
0984_MVL.png,,,nok
0985_MVL.png,,,nok
0986_MVL.png,,,nok
0987_MVL.png,,,nok
0988_MVL.png,,,nok
0989_MVR.png,,,nok
0990_MVR.png,,,nok
0991_MVR.png,,,nok
0992_MVR.png,,,nok
0993_MVR.png,,,nok
0994_MVR.png,,,nok
0995_MVR.png,,,nok
0996_MVR.png,,,nok
0997_MVR.png,,,nok
0998_MVR.png,,,nok
0999_MVR.png,,,nok
1000_RV.png,,,nok
1001_RV.png,,,nok
1002_RV.png,,,nok
1003_RV.png,,,nok
1004_RV.png,,,nok
1005_RV.png,,,nok
1006_RV.png,,,nok
1007_RV.png,,,nok
1008_RV.png,,,nok
1009_RV.png,,,nok
1010_FV.png,,unclear,nok
1011_FV.png,,unclear,nok
1012_FV.png,,unclear,nok
1013_FV.png,,unclear,nok
1014_FV.png,,unclear,nok
1015_FV.png,,unclear,nok
1016_FV.png,,unclear,nok
1017_FV.png,,unclear,nok
1018_FV.png,,unclear,nok
1019_MVL.png,,,nok
1020_MVL.png,,unclear,nok
1021_MVL.png,,,nok
1022_MVL.png,,unclear,nok
1023_MVL.png,,,nok
1024_MVL.png,,unclear,nok
1025_MVL.png,,,nok
1026_MVL.png,,unclear,nok
1027_MVL.png,,,nok
1028_MVR.png,,unclear,nok
1029_MVR.png,,unclear,nok
1030_MVR.png,,unclear,nok
1031_MVR.png,,unclear,nok
1032_MVR.png,,unclear,nok
1033_MVR.png,,unclear,nok
1034_MVR.png,,unclear,nok
1035_MVR.png,,unclear,nok
1036_MVR.png,,unclear,nok
1037_RV.png,,unclear,nok
1038_RV.png,,unclear,nok
1039_RV.png,,unclear,nok
1040_RV.png,,unclear,nok
1041_RV.png,,unclear,nok
1042_RV.png,,unclear,nok
1043_RV.png,,unclear,nok
1044_RV.png,,unclear,nok
1045_RV.png,,unclear,nok
1046_FV.png,nok,,nok
1047_FV.png,nok,,nok
1048_FV.png,nok,,nok
1049_FV.png,nok,,nok
1050_FV.png,nok,,nok
1051_FV.png,nok,,nok
1052_FV.png,nok,,nok
1053_FV.png,nok,,nok
1054_MVL.png,nok,,nok
1055_MVL.png,nok,,nok
1056_MVL.png,nok,,nok
1057_MVL.png,nok,,nok
1058_MVL.png,nok,,nok
1059_MVL.png,nok,,nok
1060_MVL.png,nok,,nok
1061_MVR.png,,,nok
1062_MVR.png,,,nok
1063_MVR.png,,,nok
1064_MVR.png,,,nok
1065_MVR.png,,,nok
1066_MVR.png,,,nok
1067_MVR.png,,,nok
1068_MVR.png,,,nok
1069_RV.png,,,
1070_RV.png,,,
1071_RV.png,,,
1072_RV.png,,,
1073_RV.png,,,
1074_RV.png,,,
1075_RV.png,,,
1076_FV.png,,,
1077_FV.png,,,
1078_FV.png,,,
1079_FV.png,,,
1080_FV.png,,,
1081_MVL.png,,,
1082_MVL.png,,,
1083_MVL.png,,,
1084_MVL.png,,,
1085_MVL.png,,,
1086_MVR.png,,,
1087_MVR.png,,,
1088_MVR.png,,,
1089_MVR.png,,,
1090_MVR.png,,,
1091_RV.png,,,
1092_RV.png,,,
1093_RV.png,,,
1094_RV.png,,,
1095_RV.png,,,
1096_FV.png,,,
1097_FV.png,,,
1098_FV.png,,,
1099_FV.png,,,
1100_FV.png,,,
1101_FV.png,,,
1102_FV.png,,,
1103_MVL.png,,,
1104_MVL.png,,,
1105_MVL.png,,,
1106_MVL.png,,,
1107_MVL.png,,,
1108_MVL.png,,,
1109_MVL.png,,,
1110_MVL.png,,,
1111_MVR.png,,,
1112_MVR.png,,,
1113_RV.png,,,
1114_RV.png,,,
1115_RV.png,,,
1116_RV.png,,,
1117_RV.png,,,
1118_RV.png,,,
1119_RV.png,,,
1120_RV.png,,,
1121_FV.png,,,nok
1122_FV.png,,,nok
1123_FV.png,,,nok
1124_MVL.png,,,
1125_MVL.png,,,
1126_MVL.png,,,
1127_MVR.png,,,
1128_MVR.png,,,
1129_MVR.png,,,
1130_RV.png,nok,,nok
1131_RV.png,nok,,nok
1132_RV.png,nok,,nok
1133_FV.png,,,nok
1134_FV.png,,,nok
1135_FV.png,,,nok
1136_FV.png,,,nok
1137_FV.png,,,nok
1138_MVL.png,,,nok
1139_MVL.png,,,nok
1140_MVL.png,,,nok
1141_MVL.png,,,nok
1142_MVL.png,,,nok
1143_MVR.png,,,nok
1144_MVR.png,,,nok
1145_MVR.png,,,nok
1146_MVR.png,,,nok
1147_MVR.png,,,nok
1148_RV.png,,,nok
1149_RV.png,,,nok
1150_RV.png,,,nok
1151_RV.png,,,nok
1152_RV.png,,,nok
1153_FV.png,,,nok
1154_FV.png,,,nok
1155_FV.png,,,nok
1156_FV.png,,,nok
1157_FV.png,,,nok
1158_FV.png,,,nok
1159_FV.png,,,nok
1160_FV.png,,,nok
1161_MVL.png,nok,,nok
1162_MVL.png,nok,,nok
1163_MVL.png,nok,,nok
1164_MVL.png,nok,,nok
1165_MVL.png,nok,,nok
1166_MVL.png,nok,,nok
1167_MVL.png,nok,,nok
1168_MVR.png,nok,,nok
1169_MVR.png,nok,,nok
1170_MVR.png,nok,,nok
1171_MVR.png,nok,,nok
1172_MVR.png,nok,,nok
1173_MVR.png,nok,,nok
1174_MVR.png,nok,,nok
1175_RV.png,,,
1176_RV.png,,,
1177_RV.png,,,
1178_RV.png,,,
1179_RV.png,,,
1180_RV.png,,,
1181_RV.png,,,
1182_RV.png,,,
1183_FV.png,,,nok
1184_FV.png,,,nok
1185_FV.png,,,nok
1186_FV.png,,,nok
1187_MVL.png,,,
1188_MVL.png,,,
1189_MVL.png,,,
1190_MVL.png,,,
1191_MVR.png,,,nok
1192_MVR.png,,,nok
1193_MVR.png,,,nok
1194_MVR.png,,,nok
1195_RV.png,,,nok
1196_RV.png,,,nok
1197_RV.png,,,nok
1198_RV.png,,,nok
1199_FV.png,,,nok
1200_FV.png,,,nok
1201_FV.png,,,nok
1202_FV.png,,,nok
1203_FV.png,,,nok
1204_FV.png,,,nok
1205_FV.png,,,nok
1206_FV.png,,,nok
1207_MVL.png,nok,,nok
1208_MVL.png,nok,,nok
1209_MVL.png,nok,,nok
1210_MVL.png,nok,,nok
1211_MVL.png,nok,,nok
1212_MVL.png,nok,,nok
1213_MVL.png,nok,,nok
1214_MVL.png,nok,,nok
1215_MVR.png,nok,,nok
1216_MVR.png,nok,,nok
1217_MVR.png,nok,,nok
1218_MVR.png,nok,,nok
1219_MVR.png,nok,,nok
1220_MVR.png,nok,,nok
1221_MVR.png,nok,,nok
1222_RV.png,,,nok
1223_RV.png,,,nok
1224_RV.png,,,nok
1225_RV.png,,,nok
1226_RV.png,,,nok
1227_RV.png,,,nok
1228_RV.png,,,nok
1229_RV.png,,,nok
1230_FV.png,,,
1231_FV.png,,,
1232_FV.png,,,
1233_FV.png,,,
1234_FV.png,,,
1235_FV.png,,,
1236_FV.png,,,
1237_FV.png,,,
1238_FV.png,,,
1239_FV.png,,,
1240_FV.png,,,
1241_MVL.png,,,
1242_MVL.png,,,
1243_MVL.png,,,
1244_MVL.png,,,
1245_MVL.png,,,
1246_MVL.png,,,
1247_MVL.png,,,
1248_MVL.png,,,
1249_MVL.png,,,
1250_MVR.png,,,
1251_MVR.png,,,
1252_MVR.png,,,
1253_MVR.png,,,
1254_MVR.png,,,
1255_MVR.png,,,
1256_MVR.png,,,
1257_MVR.png,,,
1258_MVR.png,,,
1259_MVR.png,,,
1260_MVR.png,,,
1261_RV.png,,,
1262_RV.png,,,
1263_RV.png,,,
1264_RV.png,,,
1265_RV.png,,,
1266_RV.png,,,
1267_RV.png,,,
1268_RV.png,,,
1269_RV.png,,,
1270_RV.png,,,
1271_FV.png,,,nok
1272_FV.png,,,nok
1273_FV.png,,,nok
1274_FV.png,,,nok
1275_FV.png,,,nok
1276_MVL.png,,,
1277_MVL.png,,,
1278_MVL.png,,,
1279_MVL.png,,,
1280_MVR.png,,,nok
1281_MVR.png,,,nok
1282_MVR.png,,,nok
1283_MVR.png,,,nok
1284_MVR.png,,,nok
1285_RV.png,,,
1286_RV.png,,,
1287_RV.png,,,
1288_RV.png,,,
1289_RV.png,,,
1290_FV.png,,,nok
1291_FV.png,,,nok
1292_FV.png,,,nok
1293_FV.png,,,nok
1294_FV.png,,,nok
1295_FV.png,,,nok
1296_FV.png,,,nok
1297_FV.png,,,nok
1298_FV.png,,,nok
1299_FV.png,,,nok
1300_FV.png,,,nok
1301_FV.png,,,nok
1302_FV.png,,,nok
1303_FV.png,,,
1304_MVL.png,,,
1305_MVL.png,,,
1306_MVL.png,,,
1307_MVL.png,,,
1308_MVL.png,,,
1309_MVL.png,,,
1310_MVL.png,,,
1311_MVL.png,,,
1312_MVL.png,,,
1313_MVL.png,,,
1314_MVL.png,,,
1315_MVL.png,,,
1316_MVL.png,,,
1317_MVR.png,,,nok
1318_MVR.png,,,nok
1319_MVR.png,,,nok
1320_MVR.png,,,nok
1321_MVR.png,,,nok
1322_MVR.png,,,nok
1323_MVR.png,,,nok
1324_MVR.png,,,nok
1325_MVR.png,,,nok
1326_MVR.png,,,nok
1327_RV.png,,,nok
1328_RV.png,,,nok
1329_RV.png,,,nok
1330_RV.png,,,nok
1331_RV.png,,,nok
1332_RV.png,,,nok
1333_RV.png,,,nok
1334_RV.png,,,nok
1335_RV.png,,,nok
1336_RV.png,,,nok
1337_RV.png,,,nok
1338_RV.png,,,nok
1339_RV.png,,,nok
1340_RV.png,,,nok
1341_FV.png,,,nok
1342_FV.png,,,nok
1343_FV.png,,,nok
1344_FV.png,,,nok
1345_FV.png,,,nok
1346_FV.png,,,nok
1347_FV.png,,,nok
1348_FV.png,,,nok
1349_MVL.png,,,nok
1350_MVL.png,,,nok
1351_MVL.png,,,nok
1352_MVL.png,,,nok
1353_MVL.png,,,nok
1354_MVL.png,,,nok
1355_MVL.png,,,nok
1356_MVR.png,,,nok
1357_MVR.png,,,nok
1358_MVR.png,,,nok
1359_MVR.png,,,nok
1360_MVR.png,,,nok
1361_MVR.png,,,nok
1362_MVR.png,,,nok
1363_RV.png,,,
1364_RV.png,,,
1365_RV.png,,,
1366_RV.png,,,
1367_RV.png,,,
1368_RV.png,,,
1369_RV.png,,,
1370_RV.png,,,
1371_FV.png,,,
1372_FV.png,,,
1373_FV.png,,,
1374_FV.png,,,
1375_FV.png,,,
1376_FV.png,,,
1377_FV.png,,,
1378_FV.png,,,
1379_MVL.png,,,
1380_MVL.png,,,
1381_MVL.png,,,
1382_MVL.png,,,
1383_MVL.png,,,
1384_MVL.png,,,
1385_MVL.png,,,
1386_MVR.png,,,
1387_MVR.png,,,
1388_MVR.png,,,
1389_MVR.png,,,
1390_MVR.png,,,
1391_MVR.png,,,
1392_MVR.png,,,
1393_MVR.png,,,
1394_RV.png,,,
1395_RV.png,,,
1396_RV.png,,,
1397_RV.png,,,
1398_RV.png,,,
1399_RV.png,,,
1400_RV.png,,,
1401_FV.png,,,nok
1402_FV.png,,,nok
1403_FV.png,,,nok
1404_FV.png,,,nok
1405_FV.png,,,nok
1406_FV.png,,,nok
1407_FV.png,,,nok
1408_FV.png,,,nok
1409_MVL.png,,,
1410_MVL.png,,,
1411_MVL.png,,,
1412_MVL.png,,,
1413_MVL.png,,,
1414_MVL.png,,,
1415_MVL.png,,,
1416_MVL.png,,,
1417_MVR.png,,,
1418_MVR.png,,,
1419_MVR.png,,,
1420_MVR.png,,,
1421_MVR.png,,,
1422_MVR.png,,,
1423_MVR.png,,,
1424_MVR.png,,,
1425_RV.png,,,
1426_RV.png,,,
1427_RV.png,,,
1428_RV.png,,,
1429_RV.png,,,
1430_RV.png,,,
1431_RV.png,,,
1432_RV.png,,,
1433_FV.png,,,
1434_FV.png,,,
1435_FV.png,,,
1436_FV.png,,,
1437_FV.png,,,
1438_FV.png,,,
1439_FV.png,,,
1440_FV.png,,,
1441_MVL.png,,,nok
1442_MVL.png,,,nok
1443_MVL.png,,,nok
1444_MVL.png,,,nok
1445_MVL.png,,,nok
1446_MVR.png,,,
1447_MVR.png,,,
1448_MVR.png,,,
1449_MVR.png,,,
1450_MVR.png,,,
1451_MVR.png,,,
1452_MVR.png,,,
1453_MVR.png,,,
1454_MVR.png,,,
1455_MVR.png,,,
1456_RV.png,,,
1457_RV.png,,,
1458_RV.png,,,
1459_RV.png,,,
1460_RV.png,,,
1461_RV.png,,,
1462_FV.png,,,nok
1463_FV.png,,,nok
1464_FV.png,,,nok
1465_FV.png,,,nok
1466_FV.png,,,nok
1467_FV.png,,,nok
1468_FV.png,,,nok
1469_FV.png,,,nok
1470_MVL.png,nok,,nok
1471_MVL.png,nok,,nok
1472_MVL.png,nok,,nok
1473_MVL.png,nok,,nok
1474_MVL.png,nok,,nok
1475_MVL.png,nok,,nok
1476_MVL.png,nok,,nok
1477_MVL.png,nok,,nok
1478_MVR.png,,,nok
1479_MVR.png,,,nok
1480_MVR.png,,,nok
1481_MVR.png,,,nok
1482_MVR.png,,,nok
1483_MVR.png,,,nok
1484_MVR.png,,,nok
1485_RV.png,,,
1486_RV.png,,,
1487_RV.png,,,
1488_RV.png,,,
1489_RV.png,,,
1490_RV.png,,,
1491_RV.png,,,
1492_RV.png,,,
1493_FV.png,,,nok
1494_FV.png,,,nok
1495_FV.png,,,nok
1496_FV.png,,,nok
1497_FV.png,,,nok
1498_FV.png,,,nok
1499_FV.png,,,nok
1500_FV.png,,,nok
1501_MVL.png,,,
1502_MVL.png,,,
1503_MVL.png,,,
1504_MVL.png,,,
1505_MVL.png,,,
1506_MVL.png,,,
1507_MVL.png,,,
1508_MVL.png,,,
1509_MVR.png,nok,,nok
1510_MVR.png,nok,,nok
1511_MVR.png,nok,,nok
1512_MVR.png,nok,,nok
1513_MVR.png,nok,,nok
1514_MVR.png,nok,,nok
1515_MVR.png,nok,,nok
1516_RV.png,nok,,nok
1517_RV.png,nok,,nok
1518_RV.png,nok,,nok
1519_RV.png,nok,,nok
1520_RV.png,nok,,nok
1521_RV.png,nok,,nok
1522_RV.png,nok,,nok
1523_RV.png,nok,,nok
1524_FV.png,,unclear,nok
1525_FV.png,,unclear,nok
1526_FV.png,,unclear,nok
1527_FV.png,,unclear,nok
1528_FV.png,,unclear,nok
1529_FV.png,,unclear,nok
1530_FV.png,,unclear,nok
1531_FV.png,,unclear,nok
1532_MVL.png,,,nok
1533_MVL.png,,,nok
1534_MVL.png,,,nok
1535_MVL.png,,,nok
1536_MVL.png,,,nok
1537_MVL.png,,,nok
1538_MVL.png,,,nok
1539_MVL.png,,,nok
1540_MVR.png,,unclear,nok
1541_MVR.png,,unclear,nok
1542_MVR.png,,unclear,nok
1543_MVR.png,,unclear,nok
1544_MVR.png,,unclear,nok
1545_MVR.png,,unclear,nok
1546_MVR.png,,unclear,nok
1547_RV.png,,unclear,nok
1548_RV.png,,unclear,nok
1549_RV.png,,unclear,nok
1550_RV.png,,unclear,nok
1551_RV.png,,unclear,nok
1552_RV.png,,unclear,nok
1553_RV.png,,unclear,nok
1554_RV.png,,unclear,nok
1555_FV.png,,,
1556_FV.png,,,
1557_FV.png,,,
1558_FV.png,,,
1559_FV.png,,,
1560_FV.png,,,
1561_FV.png,,,
1562_FV.png,,,
1563_MVL.png,,,
1564_MVL.png,,,
1565_MVL.png,,,
1566_MVL.png,,,
1567_MVL.png,,,
1568_MVL.png,,,
1569_MVL.png,,,
1570_MVR.png,,,
1571_MVR.png,,,
1572_MVR.png,,,
1573_MVR.png,,,
1574_MVR.png,,,
1575_MVR.png,,,
1576_MVR.png,,,
1577_RV.png,,,
1578_RV.png,,,
1579_RV.png,,,
1580_RV.png,,,
1581_RV.png,,,
1582_RV.png,,,
1583_RV.png,,,
1584_RV.png,,,
1585_FV.png,,,
1586_FV.png,,,
1587_FV.png,,,
1588_FV.png,,,
1589_FV.png,,,
1590_FV.png,,,
1591_FV.png,,,
1592_FV.png,,,
1593_MVL.png,,,nok
1594_MVL.png,,,nok
1595_MVL.png,,,nok
1596_MVL.png,,,nok
1597_MVL.png,,,nok
1598_MVR.png,nok,,nok
1599_MVR.png,nok,,nok
1600_MVR.png,nok,,nok
1601_MVR.png,nok,,nok
1602_MVR.png,nok,,nok
1603_MVR.png,nok,,nok
1604_MVR.png,nok,,nok
1605_RV.png,,,
1606_RV.png,,,
1607_RV.png,,,
1608_RV.png,,,
1609_RV.png,,,
1610_RV.png,,,
1611_RV.png,,,
1612_RV.png,,,
1613_FV.png,,unclear,nok
1614_FV.png,,unclear,nok
1615_FV.png,,unclear,nok
1616_MVL.png,,,nok
1617_MVL.png,,,nok
1618_MVL.png,,,nok
1619_MVR.png,,unclear,nok
1620_MVR.png,,unclear,nok
1621_MVR.png,,unclear,nok
1622_RV.png,,unclear,nok
1623_RV.png,,unclear,nok
1624_RV.png,,unclear,nok
1625_RV.png,,unclear,nok
1626_FV.png,,,
1627_FV.png,,,
1628_FV.png,,,
1629_FV.png,,,
1630_FV.png,,,
1631_FV.png,,,
1632_FV.png,,,
1633_FV.png,,,
1634_FV.png,,,
1635_MVL.png,nok,,nok
1636_MVL.png,nok,,nok
1637_MVL.png,nok,,nok
1638_MVL.png,nok,,nok
1639_MVL.png,nok,,nok
1640_MVL.png,nok,,nok
1641_MVL.png,nok,,nok
1642_MVL.png,nok,,nok
1643_MVL.png,nok,,nok
1644_MVR.png,,,
1645_MVR.png,,,
1646_MVR.png,,,
1647_MVR.png,,,
1648_MVR.png,,,
1649_MVR.png,,,
1650_MVR.png,,,
1651_MVR.png,,,
1652_MVR.png,,,
1653_RV.png,,,
1654_RV.png,,,
1655_RV.png,,,
1656_RV.png,,,
1657_RV.png,,,
1658_RV.png,,,
1659_RV.png,,,
1660_RV.png,,,
1661_FV.png,,unclear,nok
1662_FV.png,,unclear,nok
1663_FV.png,,unclear,nok
1664_FV.png,,unclear,nok
1665_FV.png,,unclear,nok
1666_FV.png,,unclear,nok
1667_FV.png,,unclear,nok
1668_FV.png,,unclear,nok
1669_MVL.png,,unclear,nok
1670_MVL.png,,unclear,nok
1671_MVL.png,,unclear,nok
1672_MVL.png,,unclear,nok
1673_MVL.png,,unclear,nok
1674_MVL.png,,unclear,nok
1675_MVL.png,,unclear,nok
1676_MVL.png,,unclear,nok
1677_MVR.png,,,nok
1678_MVR.png,,,nok
1679_MVR.png,,,nok
1680_MVR.png,,,nok
1681_MVR.png,,,nok
1682_MVR.png,,,nok
1683_MVR.png,,,nok
1684_MVR.png,,,nok
1685_RV.png,,,
1686_RV.png,,,
1687_RV.png,,,
1688_RV.png,,,
1689_RV.png,,,
1690_RV.png,,,
1691_RV.png,,,
1692_RV.png,,,
1693_FV.png,,,nok
1694_FV.png,,,nok
1695_FV.png,,,nok
1696_FV.png,,,nok
1697_FV.png,,,nok
1698_FV.png,,,nok
1699_FV.png,,,nok
1700_FV.png,,,nok
1701_FV.png,,,nok
1702_MVL.png,,,nok
1703_MVL.png,,,nok
1704_MVL.png,,,nok
1705_MVL.png,,,nok
1706_MVL.png,,,nok
1707_MVL.png,,,nok
1708_MVL.png,,,nok
1709_MVL.png,,,nok
1710_MVL.png,,,nok
1711_MVR.png,nok,,nok
1712_MVR.png,nok,,nok
1713_MVR.png,nok,,nok
1714_MVR.png,nok,,nok
1715_MVR.png,nok,,nok
1716_MVR.png,nok,,nok
1717_MVR.png,nok,,nok
1718_MVR.png,nok,,nok
1719_RV.png,,unclear,nok
1720_RV.png,,unclear,nok
1721_RV.png,,unclear,nok
1722_RV.png,,unclear,nok
1723_RV.png,,unclear,nok
1724_RV.png,,unclear,nok
1725_RV.png,,unclear,nok
1726_RV.png,,unclear,nok
1727_RV.png,,unclear,nok
1728_FV.png,,,
1729_FV.png,,,
1730_FV.png,,,
1731_FV.png,,,
1732_FV.png,,,
1733_FV.png,,,
1734_FV.png,,,
1735_FV.png,,,
1736_MVL.png,,,
1737_MVL.png,,,
1738_MVL.png,,,
1739_MVL.png,,,
1740_MVL.png,,,
1741_MVL.png,,,
1742_MVL.png,,,
1743_MVL.png,,,
1744_MVR.png,,,
1745_MVR.png,,,
1746_MVR.png,,,
1747_MVR.png,,,
1748_MVR.png,,,
1749_MVR.png,,,
1750_MVR.png,,,
1751_RV.png,,,
1752_RV.png,,,
1753_RV.png,,,
1754_RV.png,,,
1755_RV.png,,,
1756_RV.png,,,
1757_RV.png,,,
1758_RV.png,,,
1759_FV.png,,,nok
1760_FV.png,,,nok
1761_FV.png,,,nok
1762_FV.png,,,nok
1763_FV.png,,,nok
1764_FV.png,,,nok
1765_FV.png,,,nok
1766_FV.png,,,nok
1767_FV.png,,,nok
1768_FV.png,,,nok
1769_FV.png,,,nok
1770_FV.png,,,nok
1771_FV.png,,,nok
1772_MVL.png,,unclear,nok
1773_MVL.png,,unclear,nok
1774_MVL.png,,unclear,nok
1775_MVL.png,,unclear,nok
1776_MVL.png,,unclear,nok
1777_MVL.png,,unclear,nok
1778_MVL.png,,unclear,nok
1779_MVL.png,,unclear,nok
1780_MVL.png,,unclear,nok
1781_MVL.png,,unclear,nok
1782_MVL.png,,unclear,nok
1783_MVL.png,,unclear,nok
1784_MVL.png,,unclear,nok
1785_MVR.png,,,nok
1786_MVR.png,,,nok
1787_MVR.png,,,nok
1788_MVR.png,,,nok
1789_MVR.png,,,nok
1790_MVR.png,,,nok
1791_MVR.png,,,nok
1792_MVR.png,,,nok
1793_MVR.png,,,nok
1794_MVR.png,,,nok
1795_MVR.png,,,nok
1796_MVR.png,,,nok
1797_MVR.png,,,nok
1798_RV.png,,,nok
1799_RV.png,,,nok
1800_RV.png,,,nok
1801_RV.png,,,nok
1802_RV.png,,,nok
1803_RV.png,,,nok
1804_RV.png,,,nok
1805_RV.png,,,nok
1806_RV.png,,,nok
1807_RV.png,,,nok
1808_RV.png,,,nok
1809_RV.png,,,nok
1810_RV.png,,,nok
1811_FV.png,nok,,nok
1812_FV.png,nok,,nok
1813_FV.png,nok,,nok
1814_FV.png,nok,,nok
1815_FV.png,nok,,nok
1816_FV.png,nok,,nok
1817_MVL.png,nok,,nok
1818_MVL.png,nok,,nok
1819_MVL.png,nok,,nok
1820_MVL.png,nok,,nok
1821_MVL.png,nok,,nok
1822_MVL.png,nok,,nok
1823_MVR.png,nok,,nok
1824_MVR.png,nok,,nok
1825_MVR.png,nok,,nok
1826_MVR.png,nok,,nok
1827_MVR.png,nok,,nok
1828_MVR.png,nok,,nok
1829_RV.png,nok,,nok
1830_RV.png,nok,,nok
1831_RV.png,nok,,nok
1832_RV.png,nok,,nok
1833_RV.png,nok,,nok
1834_RV.png,nok,,nok
1835_FV.png,,,
1836_FV.png,,,
1837_FV.png,,,
1838_FV.png,,,
1839_FV.png,,,
1840_FV.png,,,
1841_FV.png,,,
1842_MVL.png,,,
1843_MVL.png,,,
1844_MVL.png,,,
1845_MVL.png,,,
1846_MVL.png,,,
1847_MVL.png,,,
1848_MVL.png,,,
1849_MVR.png,nok,,nok
1850_MVR.png,nok,,nok
1851_MVR.png,nok,,nok
1852_MVR.png,nok,,nok
1853_MVR.png,nok,,nok
1854_MVR.png,nok,,nok
1855_RV.png,,,
1856_RV.png,,,
1857_RV.png,,,
1858_RV.png,,,
1859_RV.png,,,
1860_RV.png,,,
1861_RV.png,,,
1862_FV.png,,,nok
1863_FV.png,,,nok
1864_FV.png,,,nok
1865_FV.png,,,nok
1866_FV.png,,,nok
1867_FV.png,,,nok
1868_FV.png,,,nok
1869_FV.png,,,nok
1870_MVL.png,nok,,nok
1871_MVL.png,nok,,nok
1872_MVL.png,nok,,nok
1873_MVL.png,nok,,nok
1874_MVL.png,nok,,nok
1875_MVL.png,nok,,nok
1876_MVL.png,nok,,nok
1877_MVL.png,nok,,nok
1878_MVR.png,,,
1879_MVR.png,,,
1880_MVR.png,,,
1881_MVR.png,,,
1882_MVR.png,,,
1883_MVR.png,,,
1884_MVR.png,,,
1885_MVR.png,,,
1886_RV.png,,,
1887_RV.png,,,
1888_RV.png,,,
1889_RV.png,,,
1890_RV.png,,,
1891_RV.png,,,
1892_RV.png,,,
1893_RV.png,,,
1894_FV.png,,,nok
1895_FV.png,,,nok
1896_FV.png,,,nok
1897_FV.png,,,nok
1898_FV.png,,,nok
1899_FV.png,,,nok
1900_FV.png,,,nok
1901_FV.png,,,nok
1902_MVL.png,,,
1903_MVL.png,,,
1904_MVL.png,,,
1905_MVL.png,,,
1906_MVL.png,,,
1907_MVL.png,,,
1908_MVL.png,,,
1909_MVR.png,,,
1910_MVR.png,,,
1911_MVR.png,,,
1912_MVR.png,,,
1913_MVR.png,,,
1914_MVR.png,,,
1915_MVR.png,,,
1916_MVR.png,,,
1917_RV.png,,,
1918_RV.png,,,
1919_RV.png,,,
1920_RV.png,,,
1921_RV.png,,,
1922_RV.png,,,
1923_RV.png,,,
1924_FV.png,,,nok
1925_FV.png,,,nok
1926_FV.png,,,nok
1927_FV.png,,,nok
1928_MVL.png,,,
1929_MVL.png,,,
1930_MVL.png,,,
1931_MVR.png,,,
1932_MVR.png,,,
1933_MVR.png,,,
1934_MVR.png,,,
1935_RV.png,,unclear,nok
1936_RV.png,,unclear,nok
1937_RV.png,,unclear,nok
1938_RV.png,,unclear,nok
1939_FV.png,,unclear,nok
1940_FV.png,,unclear,nok
1941_FV.png,,unclear,nok
1942_FV.png,,unclear,nok
1943_FV.png,,unclear,nok
1944_MVL.png,,,nok
1945_MVL.png,,,nok
1946_MVL.png,,,nok
1947_MVR.png,,,nok
1948_MVR.png,,,nok
1949_MVR.png,,,nok
1950_MVR.png,,,nok
1951_MVR.png,,,nok
1952_RV.png,nok,,nok
1953_RV.png,nok,,nok
1954_RV.png,nok,,nok
1955_RV.png,nok,,nok
1956_FV.png,,,nok
1957_FV.png,,,nok
1958_FV.png,,,nok
1959_FV.png,,,nok
1960_FV.png,,,nok
1961_FV.png,,,nok
1962_FV.png,,,nok
1963_FV.png,,,nok
1964_MVL.png,nok,,nok
1965_MVL.png,nok,,nok
1966_MVL.png,nok,,nok
1967_MVL.png,nok,,nok
1968_MVL.png,nok,,nok
1969_MVL.png,nok,,nok
1970_MVL.png,nok,,nok
1971_MVR.png,,,
1972_MVR.png,,,
1973_MVR.png,,,
1974_MVR.png,,,
1975_MVR.png,,,
1976_MVR.png,,,
1977_MVR.png,,,
1978_RV.png,,,
1979_RV.png,,,
1980_RV.png,,,
1981_RV.png,,,
1982_RV.png,,,
1983_RV.png,,,
1984_RV.png,,,
1985_FV.png,,,
1986_FV.png,,,
1987_FV.png,,,
1988_FV.png,,,
1989_FV.png,,,
1990_FV.png,,,
1991_FV.png,,,
1992_FV.png,,,
1993_MVL.png,,,
1994_MVL.png,,,
1995_MVL.png,,,
1996_MVL.png,,,
1997_MVL.png,,,
1998_MVL.png,,,
1999_MVL.png,,,
2000_MVR.png,,,
2001_MVR.png,,,
2002_MVR.png,,,
2003_MVR.png,,,
2004_MVR.png,,,
2005_MVR.png,,,
2006_MVR.png,,,
2007_MVR.png,,,
2008_RV.png,,,
2009_RV.png,,,
2010_RV.png,,,
2011_RV.png,,,
2012_RV.png,,,
2013_RV.png,,,
2014_RV.png,,,
2015_FV.png,,,nok
2016_FV.png,,,nok
2017_FV.png,,,nok
2018_FV.png,,,nok
2019_FV.png,,,nok
2020_FV.png,,,nok
2021_FV.png,,,nok
2022_FV.png,,,nok
2023_MVL.png,,unclear,nok
2024_MVL.png,,unclear,nok
2025_MVL.png,,unclear,nok
2026_MVL.png,,unclear,nok
2027_MVL.png,,unclear,nok
2028_MVL.png,,unclear,nok
2029_MVL.png,,unclear,nok
2030_MVL.png,,unclear,nok
2031_MVR.png,,,nok
2032_MVR.png,,,nok
2033_MVR.png,,,nok
2034_MVR.png,,,nok
2035_MVR.png,,,nok
2036_MVR.png,,,nok
2037_MVR.png,,,nok
2038_RV.png,,,nok
2039_RV.png,,,nok
2040_RV.png,,,nok
2041_RV.png,,,nok
2042_RV.png,,,nok
2043_RV.png,,,nok
2044_RV.png,,,nok
2045_RV.png,,,nok
2046_FV.png,,unclear,nok
2047_FV.png,,unclear,nok
2048_FV.png,,unclear,nok
2049_FV.png,,unclear,nok
2050_FV.png,,unclear,nok
2051_FV.png,,unclear,nok
2052_FV.png,,unclear,nok
2053_FV.png,,unclear,nok
2054_MVL.png,,,nok
2055_MVL.png,,,nok
2056_MVL.png,,,nok
2057_MVL.png,,,nok
2058_MVL.png,,,nok
2059_MVL.png,,,nok
2060_MVL.png,,,nok
2061_MVR.png,nok,,nok
2062_MVR.png,nok,,nok
2063_MVR.png,nok,,nok
2064_MVR.png,nok,,nok
2065_MVR.png,nok,,nok
2066_MVR.png,nok,,nok
2067_MVR.png,nok,,nok
2068_MVR.png,nok,,nok
2069_RV.png,nok,,nok
2070_RV.png,nok,,nok
2071_RV.png,nok,,nok
2072_RV.png,nok,,nok
2073_RV.png,nok,,nok
2074_RV.png,nok,,nok
2075_RV.png,nok,,nok
2076_FV.png,,,
2077_FV.png,,,
2078_FV.png,,,
2079_FV.png,,,
2080_FV.png,,,
2081_FV.png,,,
2082_FV.png,,,
2083_FV.png,,,
2084_MVL.png,,,
2085_MVL.png,,,
2086_MVL.png,,,
2087_MVL.png,,,
2088_MVL.png,,,
2089_MVL.png,,,
2090_MVL.png,,,
2091_MVR.png,,,
2092_MVR.png,,,
2093_MVR.png,,,
2094_MVR.png,,,
2095_MVR.png,,,
2096_MVR.png,,,
2097_MVR.png,,,
2098_RV.png,,,
2099_RV.png,,,
2100_RV.png,,,
2101_RV.png,,,
2102_RV.png,,,
2103_RV.png,,,
2104_RV.png,,,
2105_RV.png,,,
2106_FV.png,,,
2107_FV.png,,,
2108_FV.png,,,
2109_FV.png,,,
2110_FV.png,,,
2111_FV.png,,,
2112_FV.png,,,
2113_FV.png,,,
2114_MVL.png,,,
2115_MVL.png,,,
2116_MVL.png,,,
2117_MVL.png,,,
2118_MVL.png,,,
2119_MVL.png,,,
2120_MVL.png,,,
2121_MVR.png,,,
2122_MVR.png,,,
2123_MVR.png,,,
2124_MVR.png,,,
2125_MVR.png,,,
2126_MVR.png,,,
2127_MVR.png,,,
2128_MVR.png,,,
2129_RV.png,,,
2130_RV.png,,,
2131_RV.png,,,
2132_RV.png,,,
2133_RV.png,,,
2134_RV.png,,,
2135_RV.png,,,
2136_FV.png,nok,,nok
2137_FV.png,nok,,nok
2138_FV.png,nok,,nok
2139_FV.png,nok,,nok
2140_FV.png,nok,,nok
2141_FV.png,nok,,nok
2142_FV.png,nok,,nok
2143_FV.png,nok,,nok
2144_MVL.png,,unclear,nok
2145_MVL.png,,unclear,nok
2146_MVL.png,,unclear,nok
2147_MVL.png,,unclear,nok
2148_MVL.png,,unclear,nok
2149_MVL.png,,unclear,nok
2150_MVL.png,,unclear,nok
2151_MVR.png,nok,,nok
2152_MVR.png,nok,,nok
2153_MVR.png,nok,,nok
2154_MVR.png,nok,,nok
2155_MVR.png,nok,,nok
2156_MVR.png,nok,,nok
2157_MVR.png,nok,,nok
2158_MVR.png,nok,,nok
2159_RV.png,,unclear ,nok
2160_RV.png,,unclear ,nok
2161_RV.png,,unclear ,nok
2162_RV.png,,unclear ,nok
2163_RV.png,,unclear ,nok
2164_RV.png,,unclear ,nok
2165_RV.png,,unclear ,nok
2166_FV.png,,,nok
2167_FV.png,,,nok
2168_FV.png,,,nok
2169_FV.png,,,nok
2170_FV.png,,,nok
2171_FV.png,,,nok
2172_FV.png,,,nok
2173_FV.png,,,nok
2174_MVL.png,,unclear,nok
2175_MVL.png,,unclear,nok
2176_MVL.png,,unclear,nok
2177_MVL.png,,unclear,nok
2178_MVL.png,,unclear,nok
2179_MVL.png,,unclear,nok
2180_MVL.png,,unclear,nok
2181_MVL.png,,unclear,nok
2182_MVR.png,nok,,nok
2183_MVR.png,nok,,nok
2184_MVR.png,nok,,nok
2185_MVR.png,nok,,nok
2186_MVR.png,nok,,nok
2187_MVR.png,nok,,nok
2188_MVR.png,nok,,nok
2189_RV.png,,,
2190_RV.png,,,
2191_RV.png,,,
2192_RV.png,,,
2193_RV.png,,,
2194_RV.png,,,
2195_RV.png,,,
2196_RV.png,,,
2197_FV.png,nok,,nok
2198_FV.png,nok,,nok
2199_FV.png,nok,,nok
2200_FV.png,nok,,nok
2201_FV.png,nok,,nok
2202_MVL.png,,,nok
2203_MVL.png,,,nok
2204_MVL.png,,,nok
2205_MVL.png,,,nok
2206_MVL.png,,,nok
2207_MVR.png,,,
2208_MVR.png,,,
2209_MVR.png,,,
2210_RV.png,nok,,nok
2211_RV.png,nok,,nok
2212_RV.png,nok,,nok
2213_RV.png,nok,,nok
2214_RV.png,nok,,nok
2215_RV.png,nok,,nok
2216_FV.png,,,
2217_FV.png,,,
2218_FV.png,,,
2219_FV.png,,,
2220_FV.png,,,
2221_FV.png,,,
2222_FV.png,,,
2223_FV.png,,,
2224_MVL.png,,,nok
2225_MVL.png,,,nok
2226_MVL.png,,,nok
2227_MVL.png,,,nok
2228_MVL.png,,,nok
2229_MVL.png,,,nok
2230_MVL.png,,,nok
2231_MVR.png,,,
2232_MVR.png,,,
2233_MVR.png,,,
2234_MVR.png,,,
2235_MVR.png,,,
2236_MVR.png,,,
2237_MVR.png,,,
2238_MVR.png,,,
2239_RV.png,,,nok
2240_RV.png,,,nok
2241_RV.png,,,nok
2242_RV.png,,,nok
2243_RV.png,,,nok
2244_RV.png,,,nok
2245_RV.png,,,
2246_FV.png,,,
2247_FV.png,,,
2248_FV.png,,,
2249_FV.png,,,
2250_FV.png,,,
2251_FV.png,,,
2252_FV.png,,,
2253_FV.png,,,
2254_MVL.png,,,
2255_MVL.png,,,
2256_MVL.png,,,
2257_MVL.png,,,
2258_MVL.png,,,
2259_MVL.png,,,
2260_MVL.png,,,
2261_MVR.png,,,
2262_MVR.png,,,
2263_MVR.png,,,
2264_MVR.png,,,
2265_MVR.png,,,
2266_MVR.png,,,
2267_MVR.png,,,
2268_RV.png,,,
2269_RV.png,,,
2270_RV.png,,,
2271_RV.png,,,
2272_RV.png,,,
2273_RV.png,,,
2274_RV.png,,,
2275_RV.png,,,
2276_FV.png,,,
2277_FV.png,,,
2278_FV.png,,,
2279_FV.png,,,
2280_FV.png,,,
2281_FV.png,,,
2282_FV.png,,,
2283_FV.png,,,
2284_MVL.png,,,
2285_MVL.png,,,
2286_MVL.png,,,
2287_MVL.png,,,
2288_MVL.png,,,
2289_MVL.png,,,
2290_MVL.png,,,
2291_MVL.png,,,
2292_MVL.png,,,
2293_MVR.png,,,
2294_MVR.png,,,
2295_MVR.png,,,
2296_MVR.png,,,
2297_MVR.png,,,
2298_MVR.png,,,
2299_MVR.png,,,
2300_MVR.png,,,
2301_MVR.png,,,
2302_RV.png,,,
2303_RV.png,,,
2304_RV.png,,,
2305_RV.png,,,
2306_RV.png,,,
2307_RV.png,,,
2308_RV.png,,,
2309_RV.png,,,
2310_RV.png,,,
2311_FV.png,,unclear,nok
2312_FV.png,,unclear,nok
2313_FV.png,,unclear,nok
2314_FV.png,,unclear,nok
2315_FV.png,,unclear,nok
2316_FV.png,,unclear,nok
2317_FV.png,,unclear,nok
2318_FV.png,,unclear,nok
2319_MVL.png,,unclear,nok
2320_MVL.png,,unclear,nok
2321_MVL.png,,unclear,nok
2322_MVL.png,,unclear,nok
2323_MVL.png,,unclear,nok
2324_MVL.png,,unclear,nok
2325_MVL.png,,unclear,nok
2326_MVL.png,,unclear,nok
2327_MVR.png,nok,,nok
2328_MVR.png,nok,,nok
2329_MVR.png,nok,,nok
2330_MVR.png,nok,,nok
2331_MVR.png,nok,,nok
2332_MVR.png,nok,,nok
2333_MVR.png,nok,,nok
2334_RV.png,nok,,nok
2335_RV.png,nok,,nok
2336_RV.png,nok,,nok
2337_RV.png,nok,,nok
2338_RV.png,nok,,nok
2339_RV.png,nok,,nok
2340_RV.png,nok,,nok
2341_RV.png,nok,,nok
2342_FV.png,,,nok
2343_FV.png,,,nok
2344_FV.png,,,nok
2345_FV.png,,,nok
2346_FV.png,,,nok
2347_FV.png,,,nok
2348_FV.png,,,nok
2349_FV.png,,,nok
2350_MVL.png,,,nok
2351_MVL.png,,,nok
2352_MVL.png,,,nok
2353_MVL.png,,,nok
2354_MVL.png,,,nok
2355_MVL.png,,,nok
2356_MVL.png,,,nok
2357_MVR.png,,,nok
2358_MVR.png,,,nok
2359_MVR.png,,,nok
2360_MVR.png,,,nok
2361_MVR.png,,,nok
2362_RV.png,,,nok
2363_RV.png,,,nok
2364_RV.png,,,nok
2365_RV.png,,,nok
2366_RV.png,,,nok
2367_RV.png,,,nok
2368_FV.png,nok,,nok
2369_FV.png,nok,,nok
2370_FV.png,nok,,nok
2371_FV.png,nok,,nok
2372_FV.png,nok,,nok
2373_FV.png,nok,,nok
2374_FV.png,nok,,nok
2375_FV.png,nok,,nok
2376_MVL.png,nok,,nok
2377_MVL.png,nok,,nok
2378_MVL.png,nok,,nok
2379_MVL.png,nok,,nok
2380_MVL.png,nok,,nok
2381_MVL.png,nok,,nok
2382_MVL.png,nok,,nok
2383_MVR.png,,,
2384_MVR.png,,,
2385_MVR.png,,,
2386_MVR.png,,,
2387_MVR.png,,,
2388_MVR.png,,,
2389_MVR.png,,,
2390_MVR.png,,,
2391_RV.png,,,
2392_RV.png,,,
2393_RV.png,,,
2394_RV.png,,,
2395_RV.png,,,
2396_RV.png,,,
2397_RV.png,,,
2398_FV.png,nok,,nok
2399_FV.png,nok,,nok
2400_FV.png,nok,,nok
2401_FV.png,nok,,nok
2402_FV.png,nok,,nok
2403_FV.png,nok,,nok
2404_MVL.png,,,nok
2405_MVL.png,,,nok
2406_MVL.png,,,nok
2407_MVL.png,,,nok
2408_MVL.png,,,nok
2409_MVL.png,,,nok
2410_MVR.png,nok,,nok
2411_MVR.png,nok,,nok
2412_MVR.png,nok,,nok
2413_MVR.png,nok,,nok
2414_MVR.png,nok,,nok
2415_MVR.png,nok,,nok
2416_RV.png,nok,,nok
2417_RV.png,nok,,nok
2418_RV.png,nok,,nok
2419_RV.png,nok,,nok
2420_RV.png,nok,,nok
2421_RV.png,nok,,nok
2422_FV.png,,,
2423_FV.png,,,
2424_FV.png,,,
2425_FV.png,,,
2426_FV.png,,,
2427_FV.png,,,
2428_FV.png,,,
2429_FV.png,,,
2430_MVL.png,,,nok
2431_MVL.png,,,nok
2432_MVL.png,,,nok
2433_MVL.png,,,nok
2434_MVL.png,,,nok
2435_MVL.png,,,nok
2436_MVL.png,,,nok
2437_MVR.png,nok,,nok
2438_MVR.png,nok,,nok
2439_MVR.png,nok,,nok
2440_MVR.png,nok,,nok
2441_MVR.png,nok,,nok
2442_MVR.png,nok,,nok
2443_MVR.png,nok,,nok
2444_MVR.png,nok,,nok
2445_RV.png,nok,,nok
2446_RV.png,nok,,nok
2447_RV.png,nok,,nok
2448_RV.png,nok,,nok
2449_RV.png,nok,,nok
2450_RV.png,nok,,nok
2451_RV.png,nok,,nok
2452_FV.png,,unclear,nok
2453_FV.png,,unclear,nok
2454_FV.png,,unclear,nok
2455_FV.png,,unclear,nok
2456_MVL.png,,,
2457_MVL.png,,,
2458_MVL.png,,,
2459_MVL.png,,,
2460_MVR.png,,,nok
2461_MVR.png,,,nok
2462_MVR.png,,,nok
2463_RV.png,,,nok
2464_RV.png,,,nok
2465_RV.png,,,nok
2466_RV.png,,,nok
2467_FV.png,,,nok
2468_FV.png,,,nok
2469_FV.png,,,nok
2470_FV.png,,,nok
2471_FV.png,,,nok
2472_FV.png,,,nok
2473_FV.png,,,nok
2474_FV.png,,,nok
2475_MVL.png,,unclear,nok
2476_MVL.png,,unclear,nok
2477_MVL.png,,unclear,nok
2478_MVL.png,,unclear,nok
2479_MVL.png,,unclear,nok
2480_MVL.png,,unclear,nok
2481_MVL.png,,unclear,nok
2482_MVL.png,,unclear,nok
2483_MVR.png,,,nok
2484_MVR.png,,,nok
2485_MVR.png,,,nok
2486_MVR.png,,,nok
2487_MVR.png,,,nok
2488_MVR.png,,,nok
2489_MVR.png,,,nok
2490_RV.png,,,
2491_RV.png,,,
2492_RV.png,,,
2493_RV.png,,,
2494_RV.png,,,
2495_RV.png,,,
2496_RV.png,,,
2497_RV.png,,,
2498_FV.png,,,nok
2499_FV.png,,,nok
2500_FV.png,,,nok
2501_FV.png,,,nok
2502_FV.png,,,nok
2503_FV.png,,,nok
2504_MVL.png,,,nok
2505_MVL.png,,,nok
2506_MVL.png,,,nok
2507_MVL.png,,,nok
2508_MVL.png,,,nok
2509_MVL.png,,,nok
2510_MVR.png,,,
2511_MVR.png,,,
2512_MVR.png,,,
2513_MVR.png,,,
2514_MVR.png,,,
2515_MVR.png,,,
2516_RV.png,nok,,nok
2517_RV.png,nok,,nok
2518_RV.png,nok,,nok
2519_RV.png,nok,,nok
2520_RV.png,nok,,nok
2521_FV.png,,,
2522_FV.png,,,
2523_FV.png,,,
2524_FV.png,,,
2525_FV.png,,,
2526_FV.png,,,
2527_MVL.png,,,nok
2528_MVL.png,,,nok
2529_MVL.png,,,nok
2530_MVL.png,,,nok
2531_MVL.png,,,nok
2532_MVL.png,,,nok
2533_MVR.png,nok,,nok
2534_MVR.png,nok,,nok
2535_MVR.png,nok,,nok
2536_MVR.png,nok,,nok
2537_MVR.png,nok,,nok
2538_MVR.png,nok,,nok
2539_RV.png,,,nok
2540_RV.png,,,nok
2541_RV.png,,,nok
2542_RV.png,,,nok
2543_RV.png,,,nok
2544_RV.png,,,nok
2545_FV.png,,,
2546_FV.png,,,
2547_FV.png,,,
2548_FV.png,,,
2549_FV.png,,,
2550_FV.png,,,
2551_FV.png,,,
2552_FV.png,,,
2553_MVL.png,,,
2554_MVL.png,,,
2555_MVL.png,,,
2556_MVL.png,,,
2557_MVL.png,,,
2558_MVL.png,,,
2559_MVL.png,,,
2560_MVR.png,,,
2561_MVR.png,,,
2562_MVR.png,,,
2563_MVR.png,,,
2564_MVR.png,,,
2565_MVR.png,,,
2566_MVR.png,,,
2567_RV.png,,,
2568_RV.png,,,
2569_RV.png,,,
2570_RV.png,,,
2571_RV.png,,,
2572_RV.png,,,
2573_RV.png,,,
2574_RV.png,,,
2575_FV.png,,,
2576_FV.png,,,
2577_FV.png,,,
2578_FV.png,,,
2579_FV.png,,,
2580_FV.png,,,
2581_FV.png,,,
2582_FV.png,,,
2583_MVL.png,,,
2584_MVL.png,,,
2585_MVL.png,,,
2586_MVL.png,,,
2587_MVL.png,,,
2588_MVL.png,,,
2589_MVL.png,,,
2590_MVL.png,,,
2591_MVR.png,,,
2592_MVR.png,,,
2593_MVR.png,,,
2594_MVR.png,,,
2595_MVR.png,,,
2596_MVR.png,,,
2597_MVR.png,,,
2598_MVR.png,,,
2599_RV.png,,,nok
2600_RV.png,,,nok
2601_RV.png,,,nok
2602_RV.png,,,nok
2603_RV.png,,,nok
2604_RV.png,,,nok
2605_RV.png,,,nok
2606_RV.png,,,nok
2607_FV.png,nok,,nok
2608_FV.png,nok,,nok
2609_FV.png,nok,,nok
2610_FV.png,nok,,nok
2611_FV.png,nok,,nok
2612_FV.png,nok,,nok
2613_FV.png,nok,,nok
2614_FV.png,nok,,nok
2615_MVL.png,nok,,nok
2616_MVL.png,nok,,nok
2617_MVL.png,nok,,nok
2618_MVL.png,nok,,nok
2619_MVL.png,nok,,nok
2620_MVL.png,nok,,nok
2621_MVL.png,nok,,nok
2622_MVR.png,,,
2623_MVR.png,,,
2624_MVR.png,,,
2625_MVR.png,,,
2626_MVR.png,,,
2627_MVR.png,,,
2628_MVR.png,,,
2629_MVR.png,,,
2630_RV.png,nok,,nok
2631_RV.png,nok,,nok
2632_RV.png,nok,,nok
2633_RV.png,nok,,nok
2634_RV.png,nok,,nok
2635_RV.png,nok,,nok
2636_RV.png,nok,,nok
2637_FV.png,,,nok
2638_FV.png,,,nok
2639_FV.png,,,nok
2640_FV.png,,,nok
2641_FV.png,,,nok
2642_FV.png,,,nok
2643_FV.png,,,nok
2644_FV.png,,,nok
2645_MVL.png,,,
2646_MVL.png,,,
2647_MVL.png,,,
2648_MVL.png,,,
2649_MVL.png,,,
2650_MVL.png,,,
2651_MVL.png,,,
2652_MVR.png,,,
2653_MVR.png,,,
2654_MVR.png,,,
2655_MVR.png,,,
2656_MVR.png,,,
2657_MVR.png,,,
2658_MVR.png,,,
2659_RV.png,,,nok
2660_RV.png,,,nok
2661_RV.png,,,nok
2662_RV.png,,,nok
2663_RV.png,,,nok
2664_RV.png,,,nok
2665_RV.png,,,nok
2666_FV.png,,unclear,nok
2667_FV.png,,unclear,nok
2668_FV.png,,unclear,nok
2669_FV.png,,unclear,nok
2670_FV.png,,unclear,nok
2671_FV.png,,unclear,nok
2672_FV.png,,unclear,nok
2673_FV.png,,unclear,nok
2674_MVL.png,,,nok
2675_MVL.png,,,nok
2676_MVL.png,,,nok
2677_MVL.png,,,nok
2678_MVL.png,,,nok
2679_MVL.png,,,nok
2680_MVL.png,,,nok
2681_MVR.png,,,nok
2682_MVR.png,,,nok
2683_MVR.png,,,nok
2684_MVR.png,,,nok
2685_MVR.png,,,nok
2686_MVR.png,,,nok
2687_MVR.png,,,nok
2688_MVR.png,,,nok
2689_RV.png,,,nok
2690_RV.png,,,nok
2691_RV.png,,,nok
2692_RV.png,,,nok
2693_RV.png,,,nok
2694_RV.png,,,nok
2695_RV.png,,,nok
2696_FV.png,,,
2697_FV.png,,,
2698_FV.png,,,
2699_FV.png,,,
2700_FV.png,,,
2701_FV.png,,,
2702_FV.png,,,
2703_FV.png,,,
2704_MVL.png,,,
2705_MVL.png,,,
2706_MVL.png,,,
2707_MVL.png,,,
2708_MVL.png,,,
2709_MVL.png,,,
2710_MVL.png,,,
2711_MVR.png,,,nok
2712_MVR.png,,,nok
2713_MVR.png,,,nok
2714_MVR.png,,,nok
2715_MVR.png,,,nok
2716_MVR.png,,,nok
2717_MVR.png,,,nok
2718_MVR.png,,,nok
2719_RV.png,,,
2720_RV.png,,,
2721_RV.png,,,
2722_RV.png,,,
2723_RV.png,,,
2724_RV.png,,,
2725_RV.png,,,
2726_FV.png,,unclear,nok
2727_FV.png,,unclear,nok
2728_FV.png,,unclear,nok
2729_FV.png,,unclear,nok
2730_FV.png,,unclear,nok
2731_FV.png,,unclear,nok
2732_FV.png,,unclear,nok
2733_FV.png,,unclear,nok
2734_MVL.png,,,nok
2735_MVL.png,,,nok
2736_MVL.png,,,nok
2737_MVL.png,,,nok
2738_MVL.png,,,nok
2739_MVL.png,,,nok
2740_MVL.png,,,nok
2741_MVR.png,,,nok
2742_MVR.png,,,nok
2743_MVR.png,,,nok
2744_MVR.png,,,nok
2745_MVR.png,,,nok
2746_MVR.png,,,nok
2747_MVR.png,,,nok
2748_MVR.png,,,nok
2749_RV.png,,unclear,nok
2750_RV.png,,unclear,nok
2751_RV.png,,unclear,nok
2752_RV.png,,unclear,nok
2753_RV.png,,unclear,nok
2754_RV.png,,unclear,nok
2755_RV.png,,unclear,nok
2756_FV.png,nok,,nok
2757_FV.png,nok,,nok
2758_FV.png,nok,,nok
2759_FV.png,nok,,nok
2760_FV.png,nok,,nok
2761_FV.png,nok,,nok
2762_FV.png,nok,,nok
2763_FV.png,nok,,nok
2764_FV.png,nok,,nok
2765_FV.png,nok,,nok
2766_MVL.png,nok,,nok
2767_MVL.png,nok,,nok
2768_MVL.png,nok,,nok
2769_MVL.png,nok,,nok
2770_MVL.png,nok,,nok
2771_MVL.png,nok,,nok
2772_MVL.png,nok,,nok
2773_MVL.png,nok,,nok
2774_MVL.png,nok,,nok
2775_MVL.png,nok,,nok
2776_MVR.png,,,nok
2777_MVR.png,,,nok
2778_MVR.png,,,nok
2779_MVR.png,,,nok
2780_MVR.png,,,nok
2781_MVR.png,,,nok
2782_MVR.png,,,nok
2783_MVR.png,,,nok
2784_MVR.png,,,nok
2785_MVR.png,,,nok
2786_RV.png,,,nok
2787_RV.png,,,nok
2788_RV.png,,,nok
2789_RV.png,,,nok
2790_RV.png,,,nok
2791_RV.png,,,nok
2792_RV.png,,,nok
2793_RV.png,,,nok
2794_RV.png,,,nok
2795_RV.png,,,nok
2796_FV.png,,,nok
2797_FV.png,,,nok
2798_FV.png,,,nok
2799_FV.png,,,nok
2800_FV.png,,,nok
2801_FV.png,,,nok
2802_FV.png,,,nok
2803_FV.png,,,nok
2804_MVL.png,,,
2805_MVL.png,,,
2806_MVL.png,,,
2807_MVL.png,,,
2808_MVL.png,,,
2809_MVL.png,,,
2810_MVL.png,,,
2811_MVR.png,,,nok
2812_MVR.png,,,nok
2813_MVR.png,,,nok
2814_MVR.png,,,nok
2815_MVR.png,,,nok
2816_MVR.png,,,nok
2817_MVR.png,,,nok
2818_MVR.png,,,nok
2819_RV.png,,,nok
2820_RV.png,,,nok
2821_RV.png,,,nok
2822_RV.png,,,nok
2823_RV.png,,,nok
2824_RV.png,,,nok
2825_RV.png,,,nok
2826_FV.png,,,nok
2827_FV.png,,,nok
2828_FV.png,,,nok
2829_FV.png,,,nok
2830_FV.png,,,nok
2831_FV.png,,,nok
2832_MVL.png,,,
2833_MVL.png,,,
2834_MVL.png,,,
2835_MVL.png,,,
2836_MVL.png,,,
2837_MVR.png,,,
2838_MVR.png,,,
2839_MVR.png,,,
2840_MVR.png,,,
2841_MVR.png,,,
2842_MVR.png,,,
2843_RV.png,,,
2844_RV.png,,,
2845_RV.png,,,
2846_RV.png,,,
2847_RV.png,,,
2848_RV.png,,,
2849_FV.png,,,nok
2850_FV.png,,,nok
2851_FV.png,,,nok
2852_FV.png,,,nok
2853_FV.png,,,nok
2854_FV.png,,,nok
2855_FV.png,,,nok
2856_FV.png,,,nok
2857_MVL.png,,,
2858_MVL.png,,,
2859_MVL.png,,,
2860_MVL.png,,,
2861_MVL.png,,,
2862_MVL.png,,,
2863_MVL.png,,,
2864_MVR.png,,,nok
2865_MVR.png,,,nok
2866_MVR.png,,,nok
2867_MVR.png,,,nok
2868_MVR.png,,,nok
2869_MVR.png,,,nok
2870_MVR.png,,,nok
2871_MVR.png,,,nok
2872_RV.png,,,
2873_RV.png,,,
2874_RV.png,,,
2875_RV.png,,,
2876_RV.png,,,
2877_RV.png,,,
2878_RV.png,,,
2879_FV.png,,,
2880_FV.png,,,
2881_FV.png,,,
2882_FV.png,,,
2883_FV.png,,,
2884_FV.png,,,
2885_FV.png,,,
2886_FV.png,,,
2887_MVL.png,,,
2888_MVL.png,,,
2889_MVL.png,,,
2890_MVL.png,,,
2891_MVL.png,,,
2892_MVL.png,,,
2893_MVL.png,,,
2894_MVR.png,,,
2895_MVR.png,,,
2896_MVR.png,,,
2897_MVR.png,,,
2898_MVR.png,,,
2899_MVR.png,,,
2900_MVR.png,,,
2901_MVR.png,,,
2902_RV.png,,,
2903_RV.png,,,
2904_RV.png,,,
2905_RV.png,,,
2906_RV.png,,,
2907_RV.png,,,
2908_RV.png,,,
2909_FV.png,,,nok
2910_FV.png,,,nok
2911_FV.png,,,nok
2912_FV.png,,,nok
2913_FV.png,,,nok
2914_FV.png,,,nok
2915_FV.png,,,nok
2916_FV.png,,,nok
2917_MVL.png,,,
2918_MVL.png,,,
2919_MVL.png,,,
2920_MVL.png,,,
2921_MVL.png,,,
2922_MVL.png,,,
2923_MVL.png,,,
2924_MVR.png,,,nok
2925_MVR.png,,,nok
2926_MVR.png,,,nok
2927_MVR.png,,,nok
2928_MVR.png,,,nok
2929_MVR.png,,,nok
2930_RV.png,,,nok
2931_RV.png,,,nok
2932_RV.png,,,nok
2933_RV.png,,,nok
2934_RV.png,,,nok
2935_RV.png,,,nok
2936_RV.png,,,nok
2937_FV.png,,,
2938_FV.png,,,
2939_FV.png,,,
2940_FV.png,,,
2941_FV.png,,,
2942_FV.png,,,
2943_FV.png,,,
2944_FV.png,,,
2945_FV.png,,,
2946_MVL.png,,,
2947_MVL.png,,,
2948_MVL.png,,,
2949_MVL.png,,,
2950_MVL.png,,,
2951_MVL.png,,,
2952_MVL.png,,,
2953_MVL.png,,,
2954_MVR.png,,,nok
2955_MVR.png,,,nok
2956_MVR.png,,,nok
2957_MVR.png,,,nok
2958_MVR.png,,,nok
2959_MVR.png,,,nok
2960_MVR.png,,,nok
2961_MVR.png,,,nok
2962_RV.png,,,nok
2963_RV.png,,,nok
2964_RV.png,,,nok
2965_RV.png,,,nok
2966_RV.png,,,nok
2967_RV.png,,,nok
2968_RV.png,,,nok
2969_RV.png,,,nok
2970_FV.png,,,
2971_FV.png,,,
2972_FV.png,,,
2973_FV.png,,,
2974_FV.png,,,
2975_FV.png,,,
2976_FV.png,,,
2977_FV.png,,,
2978_MVL.png,nok,,nok
2979_MVL.png,nok,,nok
2980_MVL.png,nok,,nok
2981_MVL.png,nok,,nok
2982_MVL.png,nok,,nok
2983_MVL.png,nok,,nok
2984_MVL.png,nok,,nok
2985_MVL.png,nok,,nok
2986_MVR.png,,,nok
2987_MVR.png,,,nok
2988_MVR.png,,,nok
2989_MVR.png,,,nok
2990_MVR.png,,,nok
2991_MVR.png,,,nok
2992_MVR.png,,,nok
2993_MVR.png,,,nok
2994_RV.png,nok,,nok
2995_RV.png,nok,,nok
2996_RV.png,nok,,nok
2997_RV.png,nok,,nok
2998_RV.png,nok,,nok
2999_RV.png,nok,,nok
3000_RV.png,nok,,nok
3001_FV.png,nok,,nok
3002_FV.png,nok,,nok
3003_FV.png,nok,,nok
3004_FV.png,nok,,nok
3005_FV.png,nok,,nok
3006_FV.png,nok,,nok
3007_FV.png,nok,,nok
3008_FV.png,nok,,nok
3009_MVL.png,nok,,nok
3010_MVL.png,nok,,nok
3011_MVL.png,nok,,nok
3012_MVL.png,nok,,nok
3013_MVL.png,nok,,nok
3014_MVL.png,nok,,nok
3015_MVL.png,nok,,nok
3016_MVR.png,,,
3017_MVR.png,,,
3018_MVR.png,,,
3019_MVR.png,,,
3020_MVR.png,,,
3021_MVR.png,,,
3022_MVR.png,,,
3023_MVR.png,,,
3024_RV.png,,,
3025_RV.png,,,
3026_RV.png,,,
3027_RV.png,,,
3028_RV.png,,,
3029_RV.png,,,
3030_RV.png,,,
3031_FV.png,,,
3032_FV.png,,,
3033_FV.png,,,
3034_MVL.png,,,nok
3035_MVL.png,,,nok
3036_MVL.png,,,nok
3037_MVL.png,,,nok
3038_MVR.png,,,nok
3039_MVR.png,,,nok
3040_MVR.png,,,nok
3041_MVR.png,,,nok
3042_RV.png,nok,,nok
3043_RV.png,nok,,nok
3044_RV.png,nok,,nok
3045_RV.png,nok,,nok
3046_FV.png,,,
3047_FV.png,,,
3048_FV.png,,,
3049_FV.png,,,
3050_FV.png,,,
3051_MVL.png,,,nok
3052_MVL.png,,,nok
3053_MVL.png,,,nok
3054_MVL.png,,,nok
3055_MVL.png,,,nok
3056_MVR.png,,,nok
3057_MVR.png,,,nok
3058_MVR.png,,,nok
3059_MVR.png,,,nok
3060_MVR.png,,,nok
3061_RV.png,,,nok
3062_RV.png,,,nok
3063_RV.png,,,nok
3064_RV.png,,,nok
3065_RV.png,,,nok
3066_FV.png,,unclear,nok
3067_FV.png,,unclear,nok
3068_FV.png,,unclear,nok
3069_FV.png,,unclear,nok
3070_FV.png,,unclear,nok
3071_FV.png,,unclear,nok
3072_FV.png,,unclear,nok
3073_FV.png,,unclear,nok
3074_FV.png,,unclear,nok
3075_MVL.png,nok,,nok
3076_MVL.png,nok,,nok
3077_MVL.png,nok,,nok
3078_MVL.png,nok,,nok
3079_MVL.png,nok,,nok
3080_MVL.png,nok,,nok
3081_MVL.png,nok,,nok
3082_MVL.png,nok,,nok
3083_MVR.png,,,nok
3084_MVR.png,,,nok
3085_MVR.png,,,nok
3086_MVR.png,,,nok
3087_MVR.png,,,nok
3088_MVR.png,,,nok
3089_MVR.png,,,nok
3090_MVR.png,,,nok
3091_RV.png,nok,,nok
3092_RV.png,nok,,nok
3093_RV.png,nok,,nok
3094_RV.png,nok,,nok
3095_RV.png,nok,,nok
3096_RV.png,nok,,nok
3097_RV.png,nok,,nok
3098_RV.png,nok,,nok
3099_RV.png,nok,,nok
3100_FV.png,,,
3101_FV.png,,,
3102_FV.png,,,
3103_FV.png,,,
3104_FV.png,,,
3105_FV.png,,,
3106_FV.png,,,
3107_FV.png,,,
3108_MVL.png,,,nok
3109_MVL.png,,,nok
3110_MVL.png,,,nok
3111_MVL.png,,,nok
3112_MVL.png,,,nok
3113_MVL.png,,,nok
3114_MVL.png,,,nok
3115_MVR.png,,,
3116_MVR.png,,,
3117_MVR.png,,,
3118_MVR.png,,,
3119_MVR.png,,,
3120_MVR.png,,,
3121_RV.png,,,
3122_RV.png,,,
3123_RV.png,,,
3124_RV.png,,,
3125_RV.png,,,
3126_RV.png,,,
3127_RV.png,,,
3128_RV.png,,,
3129_FV.png,,,
3130_FV.png,,,
3131_FV.png,,,
3132_FV.png,,,
3133_FV.png,,,
3134_FV.png,,,
3135_FV.png,,,
3136_FV.png,,,
3137_MVL.png,,,nok
3138_MVL.png,,,nok
3139_MVL.png,,,nok
3140_MVL.png,,,nok
3141_MVL.png,,,nok
3142_MVL.png,,,nok
3143_MVL.png,,,nok
3144_MVR.png,,,nok
3145_MVR.png,,,nok
3146_MVR.png,,,nok
3147_MVR.png,,,nok
3148_MVR.png,,,nok
3149_MVR.png,,,nok
3150_MVR.png,,,nok
3151_MVR.png,,,nok
3152_RV.png,,,
3153_RV.png,,,
3154_RV.png,,,
3155_RV.png,,,
3156_RV.png,,,
3157_RV.png,,,
3158_RV.png,,,
3159_FV.png,,,
3160_FV.png,,,
3161_FV.png,,,
3162_FV.png,,,
3163_FV.png,,,
3164_FV.png,,,
3165_FV.png,,,
3166_FV.png,,,
3167_FV.png,,,
3168_MVL.png,,,
3169_MVL.png,,,
3170_MVL.png,,,
3171_MVL.png,,,
3172_MVL.png,,,
3173_MVL.png,,,
3174_MVL.png,,,
3175_MVL.png,,,
3176_MVL.png,,,
3177_MVR.png,,,
3178_MVR.png,,,
3179_MVR.png,,,
3180_MVR.png,,,
3181_MVR.png,,,
3182_MVR.png,,,
3183_MVR.png,,,
3184_MVR.png,,,
3185_MVR.png,,,
3186_RV.png,,,
3187_RV.png,,,
3188_RV.png,,,
3189_RV.png,,,
3190_RV.png,,,
3191_RV.png,,,
3192_RV.png,,,
3193_RV.png,,,
3194_RV.png,,,
3195_RV.png,,,
3196_FV.png,nok,,nok
3197_FV.png,nok,,nok
3198_FV.png,nok,,nok
3199_FV.png,nok,,nok
3200_FV.png,nok,,nok
3201_FV.png,nok,,nok
3202_FV.png,nok,,nok
3203_FV.png,nok,,nok
3204_MVL.png,,unclear,nok
3205_MVL.png,,unclear,nok
3206_MVL.png,,unclear,nok
3207_MVL.png,,unclear,nok
3208_MVL.png,,unclear,nok
3209_MVL.png,,unclear,nok
3210_MVL.png,,unclear,nok
3211_MVL.png,,unclear,nok
3212_MVR.png,nok,,nok
3213_MVR.png,nok,,nok
3214_MVR.png,nok,,nok
3215_MVR.png,nok,,nok
3216_MVR.png,nok,,nok
3217_MVR.png,nok,,nok
3218_MVR.png,nok,,nok
3219_RV.png,nok,,nok
3220_RV.png,nok,,nok
3221_RV.png,nok,,nok
3222_RV.png,nok,,nok
3223_RV.png,nok,,nok
3224_RV.png,nok,,nok
3225_RV.png,nok,,nok
3226_RV.png,nok,,nok
3227_FV.png,,,nok
3228_FV.png,,,nok
3229_FV.png,,,nok
3230_FV.png,,,nok
3231_FV.png,,,nok
3232_FV.png,,,nok
3233_FV.png,,,nok
3234_FV.png,,,nok
3235_FV.png,,,nok
3236_MVL.png,nok,,nok
3237_MVL.png,nok,,nok
3238_MVL.png,nok,,nok
3239_MVL.png,nok,,nok
3240_MVL.png,nok,,nok
3241_MVL.png,nok,,nok
3242_MVL.png,nok,,nok
3243_MVL.png,nok,,nok
3244_MVL.png,nok,,nok
3245_MVR.png,,,nok
3246_MVR.png,,,nok
3247_MVR.png,,,nok
3248_MVR.png,,,nok
3249_MVR.png,,,nok
3250_MVR.png,,,nok
3251_MVR.png,,,nok
3252_MVR.png,,,nok
3253_MVR.png,,,nok
3254_RV.png,,,nok
3255_RV.png,,,nok
3256_RV.png,,,nok
3257_RV.png,,,nok
3258_RV.png,,,nok
3259_RV.png,,,nok
3260_RV.png,,,nok
3261_RV.png,,,nok
3262_RV.png,,,nok
3263_FV.png,,,nok
3264_FV.png,,,nok
3265_FV.png,,,nok
3266_FV.png,,,nok
3267_FV.png,,,nok
3268_FV.png,,,nok
3269_FV.png,,,nok
3270_FV.png,,,nok
3271_FV.png,,,nok
3272_MVL.png,,,
3273_MVL.png,,,
3274_MVL.png,,,
3275_MVL.png,,,
3276_MVL.png,,,
3277_MVL.png,,,
3278_MVL.png,,,
3279_MVL.png,,,
3280_MVL.png,,,
3281_MVR.png,,,
3282_MVR.png,,,
3283_MVR.png,,,
3284_MVR.png,,,
3285_MVR.png,,,
3286_MVR.png,,,
3287_MVR.png,,,
3288_MVR.png,,,
3289_MVR.png,,,
3290_MVR.png,,,
3291_RV.png,,,
3292_RV.png,,,
3293_RV.png,,,
3294_RV.png,,,
3295_RV.png,,,
3296_RV.png,,,
3297_RV.png,,,
3298_RV.png,,,
3299_RV.png,,,
3300_RV.png,,,
3301_FV.png,nok,,nok
3302_FV.png,nok,,nok
3303_FV.png,nok,,nok
3304_FV.png,nok,,nok
3305_FV.png,nok,,nok
3306_FV.png,nok,,nok
3307_FV.png,nok,,nok
3308_FV.png,nok,,nok
3309_MVL.png,,,nok
3310_MVL.png,,,nok
3311_MVL.png,,,nok
3312_MVL.png,,,nok
3313_MVL.png,,,nok
3314_MVL.png,,,nok
3315_MVL.png,,,nok
3316_MVL.png,,,nok
3317_MVR.png,,,nok
3318_MVR.png,,,nok
3319_MVR.png,,,nok
3320_MVR.png,,,nok
3321_MVR.png,,,nok
3322_MVR.png,,,nok
3323_MVR.png,,,nok
3324_MVR.png,,,nok
3325_RV.png,,unclear,nok
3326_RV.png,,unclear,nok
3327_RV.png,,unclear,nok
3328_RV.png,,unclear,nok
3329_RV.png,,unclear,nok
3330_RV.png,,unclear,nok
3331_RV.png,,unclear,nok
3332_RV.png,,unclear,nok
3333_FV.png,,,
3334_FV.png,,,
3335_FV.png,,,
3336_FV.png,,,
3337_FV.png,,,
3338_FV.png,,,
3339_FV.png,,,
3340_FV.png,,,
3341_FV.png,,,
3342_MVL.png,,,
3343_MVL.png,,,
3344_MVL.png,,,
3345_MVL.png,,,
3346_MVL.png,,,
3347_MVL.png,,,
3348_MVL.png,,,
3349_MVL.png,,,
3350_MVL.png,,,
3351_MVR.png,,,
3352_MVR.png,,,
3353_MVR.png,,,
3354_MVR.png,,,
3355_MVR.png,,,
3356_MVR.png,,,
3357_MVR.png,,,
3358_MVR.png,,,
3359_MVR.png,,,
3360_RV.png,,,
3361_RV.png,,,
3362_RV.png,,,
3363_RV.png,,,
3364_RV.png,,,
3365_RV.png,,,
3366_FV.png,,,nok
3367_FV.png,,,nok
3368_FV.png,,,nok
3369_FV.png,,,nok
3370_FV.png,,,nok
3371_FV.png,,,nok
3372_FV.png,,,nok
3373_FV.png,,,nok
3374_MVL.png,,,nok
3375_MVL.png,,,nok
3376_MVL.png,,,nok
3377_MVL.png,,,nok
3378_MVL.png,,,nok
3379_MVL.png,,,nok
3380_MVL.png,,,nok
3381_MVR.png,,,nok
3382_MVR.png,,,nok
3383_MVR.png,,,nok
3384_MVR.png,,,nok
3385_MVR.png,,,nok
3386_MVR.png,,,nok
3387_MVR.png,,,nok
3388_MVR.png,,,nok
3389_RV.png,nok,,nok
3390_RV.png,nok,,nok
3391_RV.png,nok,,nok
3392_RV.png,nok,,nok
3393_RV.png,nok,,nok
3394_RV.png,nok,,nok
3395_RV.png,nok,,nok
3396_FV.png,,,
3397_FV.png,,,
3398_FV.png,,,
3399_FV.png,,,
3400_FV.png,,,
3401_FV.png,,,
3402_FV.png,,,
3403_FV.png,,,
3404_MVL.png,nok,,nok
3405_MVL.png,nok,,nok
3406_MVL.png,nok,,nok
3407_MVL.png,nok,,nok
3408_MVL.png,nok,,nok
3409_MVL.png,nok,,nok
3410_MVL.png,nok,,nok
3411_MVL.png,nok,,nok
3412_MVR.png,,,
3413_MVR.png,,,
3414_MVR.png,,,
3415_MVR.png,,,
3416_MVR.png,,,
3417_MVR.png,,,
3418_MVR.png,,,
3419_MVR.png,,,
3420_RV.png,,,
3421_RV.png,,,
3422_RV.png,,,
3423_RV.png,,,
3424_RV.png,,,
3425_RV.png,,,
3426_RV.png,,,
3427_RV.png,,,
3428_FV.png,,,nok
3429_FV.png,,,nok
3430_FV.png,,,nok
3431_FV.png,,,nok
3432_FV.png,,,nok
3433_MVL.png,,,nok
3434_MVL.png,,,nok
3435_MVL.png,,,nok
3436_MVL.png,,,nok
3437_MVR.png,,,nok
3438_MVR.png,,,nok
3439_MVR.png,,,nok
3440_MVR.png,,,nok
3441_MVR.png,,,nok
3442_MVR.png,,,nok
3443_RV.png,,,
3444_RV.png,,,
3445_RV.png,,,
3446_RV.png,,,
3447_RV.png,,,
3448_RV.png,,,
3449_FV.png,nok,,nok
3450_FV.png,nok,,nok
3451_FV.png,nok,,nok
3452_FV.png,nok,,nok
3453_FV.png,nok,,nok
3454_FV.png,nok,,nok
3455_FV.png,nok,,nok
3456_FV.png,nok,,nok
3457_FV.png,nok,,nok
3458_FV.png,nok,,nok
3459_FV.png,nok,,nok
3460_FV.png,nok,,nok
3461_FV.png,nok,,nok
3462_MVL.png,,unclear,nok
3463_MVL.png,,unclear,nok
3464_MVL.png,,unclear,nok
3465_MVL.png,,unclear,nok
3466_MVL.png,,unclear,nok
3467_MVL.png,,unclear,nok
3468_MVL.png,,unclear,nok
3469_MVL.png,,unclear,nok
3470_MVL.png,,unclear,nok
3471_MVL.png,,unclear,nok
3472_MVL.png,,unclear,nok
3473_MVL.png,,unclear,nok
3474_MVR.png,,,nok
3475_MVR.png,,,nok
3476_MVR.png,,,nok
3477_MVR.png,,,nok
3478_MVR.png,,,nok
3479_MVR.png,,,nok
3480_MVR.png,,,nok
3481_MVR.png,,,nok
3482_MVR.png,,,nok
3483_MVR.png,,,nok
3484_MVR.png,,,nok
3485_MVR.png,,,nok
3486_MVR.png,,,nok
3487_MVR.png,,,nok
3488_RV.png,,unclear,nok
3489_RV.png,,unclear,nok
3490_RV.png,,unclear,nok
3491_RV.png,,unclear,nok
3492_RV.png,,unclear,nok
3493_RV.png,,unclear,nok
3494_RV.png,,unclear,nok
3495_RV.png,,unclear,nok
3496_RV.png,,unclear,nok
3497_RV.png,,unclear,nok
3498_RV.png,,unclear,nok
3499_RV.png,,unclear,nok
3500_RV.png,,unclear,nok
3501_RV.png,,unclear,nok
3502_FV.png,,,nok
3503_FV.png,,,nok
3504_FV.png,,,nok
3505_FV.png,,,nok
3506_FV.png,,,nok
3507_FV.png,,,nok
3508_FV.png,,,nok
3509_FV.png,,,nok
3510_FV.png,,,nok
3511_MVL.png,,,
3512_MVL.png,,,
3513_MVL.png,,,
3514_MVL.png,,,
3515_MVL.png,,,
3516_MVL.png,,,
3517_MVL.png,,,
3518_MVL.png,,,
3519_MVL.png,,,
3520_MVR.png,,,
3521_MVR.png,,,
3522_MVR.png,,,
3523_MVR.png,,,
3524_MVR.png,,,
3525_MVR.png,,,
3526_MVR.png,,,
3527_MVR.png,,,
3528_MVR.png,,,
3529_RV.png,,,
3530_RV.png,,,
3531_RV.png,,,
3532_RV.png,,,
3533_RV.png,,,
3534_RV.png,,,
3535_RV.png,,,
3536_RV.png,,,
3537_RV.png,,,
3538_FV.png,,,
3539_FV.png,,,
3540_FV.png,,,
3541_FV.png,,,
3542_FV.png,,,
3543_FV.png,,,
3544_FV.png,,,
3545_MVL.png,,,
3546_MVL.png,,,
3547_MVL.png,,,
3548_MVL.png,,,
3549_MVL.png,,,
3550_MVL.png,,,
3551_MVR.png,,,
3552_MVR.png,,,
3553_MVR.png,,,
3554_MVR.png,,,
3555_MVR.png,,,
3556_MVR.png,,,
3557_MVR.png,,,
3558_RV.png,,,nok
3559_RV.png,,,nok
3560_RV.png,,,nok
3561_RV.png,,,nok
3562_RV.png,,,nok
3563_RV.png,,,nok
3564_RV.png,,,nok
3565_RV.png,,,nok
3566_FV.png,,,nok
3567_FV.png,,,nok
3568_FV.png,,,nok
3569_FV.png,,,nok
3570_FV.png,,,nok
3571_FV.png,,,nok
3572_FV.png,,,nok
3573_FV.png,,,nok
3574_MVL.png,nok,,nok
3575_MVL.png,nok,,nok
3576_MVL.png,nok,,nok
3577_MVL.png,nok,,nok
3578_MVL.png,nok,,nok
3579_MVL.png,nok,,nok
3580_MVL.png,nok,,nok
3581_MVR.png,nok,,nok
3582_MVR.png,nok,,nok
3583_MVR.png,nok,,nok
3584_MVR.png,nok,,nok
3585_MVR.png,nok,,nok
3586_MVR.png,nok,,nok
3587_MVR.png,nok,,nok
3588_MVR.png,nok,,nok
3589_RV.png,,,
3590_RV.png,,,
3591_RV.png,,,
3592_RV.png,,,
3593_RV.png,,,
3594_RV.png,,,
3595_RV.png,,,
3596_FV.png,,,
3597_FV.png,,,
3598_FV.png,,,
3599_FV.png,,,
3600_FV.png,,,
3601_FV.png,,,
3602_FV.png,,,
3603_FV.png,,,
3604_MVL.png,,,
3605_MVL.png,,,
3606_MVL.png,,,
3607_MVL.png,,,
3608_MVL.png,,,
3609_MVL.png,,,
3610_MVL.png,,,
3611_MVR.png,,,
3612_MVR.png,,,
3613_MVR.png,,,
3614_MVR.png,,,
3615_MVR.png,,,
3616_MVR.png,,,
3617_MVR.png,,,
3618_MVR.png,,,
3619_RV.png,,,nok
3620_RV.png,,,nok
3621_RV.png,,,nok
3622_RV.png,,,nok
3623_RV.png,,,nok
3624_RV.png,,,nok
3625_RV.png,,,nok
3626_FV.png,,,
3627_FV.png,,,
3628_FV.png,,,
3629_FV.png,,,
3630_FV.png,,,
3631_FV.png,,,
3632_FV.png,,,
3633_FV.png,,,
3634_MVL.png,,,
3635_MVL.png,,,
3636_MVL.png,,,
3637_MVL.png,,,
3638_MVL.png,,,
3639_MVL.png,,,
3640_MVL.png,,,
3641_MVR.png,,,
3642_MVR.png,,,
3643_MVR.png,,,
3644_MVR.png,,,
3645_MVR.png,,,
3646_MVR.png,,,
3647_MVR.png,,,
3648_MVR.png,,,
3649_RV.png,,,
3650_RV.png,,,
3651_RV.png,,,
3652_RV.png,,,
3653_RV.png,,,
3654_RV.png,,,
3655_RV.png,,,
3656_FV.png,,,nok
3657_FV.png,,,nok
3658_FV.png,,,nok
3659_FV.png,,,nok
3660_FV.png,,,nok
3661_FV.png,,,nok
3662_FV.png,,,nok
3663_FV.png,,,nok
3664_MVL.png,,,nok
3665_MVL.png,,,nok
3666_MVL.png,,,nok
3667_MVL.png,,,nok
3668_MVL.png,,,nok
3669_MVL.png,,,nok
3670_MVL.png,,,nok
3671_MVL.png,,,nok
3672_MVR.png,,unclear,nok
3673_MVR.png,,unclear,nok
3674_MVR.png,,unclear,nok
3675_MVR.png,,unclear,nok
3676_MVR.png,,unclear,nok
3677_MVR.png,,unclear,nok
3678_MVR.png,,unclear,nok
3679_MVR.png,,unclear,nok
3680_RV.png,,unclear,nok
3681_RV.png,,unclear,nok
3682_RV.png,,unclear,nok
3683_RV.png,,unclear,nok
3684_RV.png,,unclear,nok
3685_RV.png,,unclear,nok
3686_RV.png,,unclear,nok
3687_FV.png,,unclear,nok
3688_FV.png,,unclear,nok
3689_FV.png,,unclear,nok
3690_FV.png,,unclear,nok
3691_FV.png,,unclear,nok
3692_FV.png,,unclear,nok
3693_FV.png,,unclear,nok
3694_FV.png,,unclear,nok
3695_MVL.png,,,nok
3696_MVL.png,,,nok
3697_MVL.png,,,nok
3698_MVL.png,,,nok
3699_MVL.png,,,nok
3700_MVL.png,,,nok
3701_MVL.png,,,nok
3702_MVL.png,,,nok
3703_MVR.png,,unclear,nok
3704_MVR.png,,unclear,nok
3705_MVR.png,,unclear,nok
3706_MVR.png,,unclear,nok
3707_MVR.png,,unclear,nok
3708_MVR.png,,unclear,nok
3709_MVR.png,,unclear,nok
3710_RV.png,,unclear,nok
3711_RV.png,,unclear,nok
3712_RV.png,,unclear,nok
3713_RV.png,,unclear,nok
3714_RV.png,,unclear,nok
3715_RV.png,,unclear,nok
3716_RV.png,,unclear,nok
3717_RV.png,,unclear,nok
3718_FV.png,,,nok
3719_FV.png,,,nok
3720_FV.png,,,nok
3721_FV.png,,,nok
3722_FV.png,,,nok
3723_FV.png,,,nok
3724_FV.png,,,nok
3725_FV.png,,,nok
3726_MVL.png,,,nok
3727_MVL.png,,,nok
3728_MVL.png,,,nok
3729_MVL.png,,,nok
3730_MVL.png,,,nok
3731_MVL.png,,,nok
3732_MVL.png,,,nok
3733_MVR.png,,,
3734_MVR.png,,,
3735_MVR.png,,,
3736_MVR.png,,,
3737_MVR.png,,,
3738_MVR.png,,,
3739_MVR.png,,,
3740_RV.png,,,
3741_RV.png,,,
3742_RV.png,,,
3743_RV.png,,,
3744_RV.png,,,
3745_RV.png,,,
3746_FV.png,,,
3747_FV.png,,,
3748_FV.png,,,
3749_FV.png,,,
3750_FV.png,,,
3751_FV.png,,,
3752_FV.png,,,
3753_FV.png,,,
3754_FV.png,,,
3755_FV.png,,,
3756_FV.png,,,
3757_FV.png,,,
3758_FV.png,,,
3759_MVL.png,,,nok
3760_MVL.png,,,nok
3761_MVL.png,,,nok
3762_MVL.png,,,nok
3763_MVL.png,,,nok
3764_MVL.png,,,nok
3765_MVL.png,,,nok
3766_MVL.png,,,nok
3767_MVL.png,,,nok
3768_MVL.png,,,nok
3769_MVL.png,,,nok
3770_MVL.png,,,nok
3771_MVL.png,,,nok
3772_MVR.png,,,
3773_MVR.png,,,
3774_MVR.png,,,
3775_MVR.png,,,
3776_MVR.png,,,
3777_MVR.png,,,
3778_MVR.png,,,
3779_MVR.png,,,
3780_MVR.png,,,
3781_MVR.png,,,
3782_MVR.png,,,
3783_MVR.png,,,
3784_RV.png,,,
3785_RV.png,,,
3786_RV.png,,,
3787_RV.png,,,
3788_RV.png,,,
3789_RV.png,,,
3790_RV.png,,,
3791_RV.png,,,
3792_RV.png,,,
3793_RV.png,,,
3794_RV.png,,,
3795_RV.png,,,
3796_RV.png,,,
3797_FV.png,,,nok
3798_FV.png,,,nok
3799_FV.png,,,nok
3800_FV.png,,,nok
3801_FV.png,,,nok
3802_MVL.png,,,nok
3803_MVL.png,,,nok
3804_MVL.png,,,nok
3805_MVL.png,,,nok
3806_MVL.png,,,nok
3807_MVR.png,,,nok
3808_MVR.png,,,nok
3809_MVR.png,,,nok
3810_MVR.png,,,nok
3811_MVR.png,,,nok
3812_RV.png,,,
3813_RV.png,,,
3814_RV.png,,,
3815_RV.png,,,
3816_RV.png,,,
3817_FV.png,,,
3818_FV.png,,,
3819_FV.png,,,
3820_FV.png,,,
3821_MVL.png,,,nok
3822_MVL.png,,,nok
3823_MVL.png,,,nok
3824_MVL.png,,,nok
3825_MVR.png,,unclear,nok
3826_MVR.png,,unclear,nok
3827_MVR.png,,unclear,nok
3828_MVR.png,,unclear,nok
3829_RV.png,,,nok
3830_RV.png,,,nok
3831_RV.png,,,nok
3832_RV.png,,,nok
3833_FV.png,,,
3834_FV.png,,,
3835_FV.png,,,
3836_FV.png,,,
3837_FV.png,,,
3838_FV.png,,,
3839_FV.png,,,
3840_MVL.png,,unclear,nok
3841_MVL.png,,unclear,nok
3842_MVL.png,,unclear,nok
3843_MVL.png,,unclear,nok
3844_MVL.png,,unclear,nok
3845_MVL.png,,unclear,nok
3846_MVL.png,,unclear,nok
3847_MVR.png,,,nok
3848_MVR.png,,,nok
3849_MVR.png,,,nok
3850_MVR.png,,,nok
3851_MVR.png,,,nok
3852_MVR.png,,,nok
3853_MVR.png,,,nok
3854_RV.png,,,nok
3855_RV.png,,,nok
3856_RV.png,,,nok
3857_RV.png,,,nok
3858_RV.png,,,nok
3859_RV.png,,,nok
3860_RV.png,,,nok
3861_FV.png,,unclear,nok
3862_FV.png,,unclear,nok
3863_FV.png,,unclear,nok
3864_FV.png,,unclear,nok
3865_FV.png,,unclear,nok
3866_FV.png,,unclear,nok
3867_MVL.png,nok,,nok
3868_MVL.png,nok,,nok
3869_MVL.png,nok,,nok
3870_MVL.png,nok,,nok
3871_MVR.png,nok,,nok
3872_MVR.png,nok,,nok
3873_MVR.png,nok,,nok
3874_MVR.png,nok,,nok
3875_MVR.png,nok,,nok
3876_MVR.png,nok,,nok
3877_RV.png,,unclear,nok
3878_RV.png,,unclear,nok
3879_RV.png,,unclear,nok
3880_RV.png,,unclear,nok
3881_RV.png,,unclear,nok
3882_RV.png,,unclear,nok
3883_FV.png,,,
3884_FV.png,,,
3885_FV.png,,,
3886_FV.png,,,
3887_FV.png,,,
3888_FV.png,,,
3889_FV.png,,,
3890_FV.png,,,
3891_FV.png,,,
3892_FV.png,,,
3893_MVL.png,,,nok
3894_MVL.png,,,nok
3895_MVL.png,,,nok
3896_MVL.png,,,nok
3897_MVL.png,,,nok
3898_MVL.png,,,nok
3899_MVL.png,,,nok
3900_MVL.png,,,nok
3901_MVL.png,,,nok
3902_MVL.png,,,nok
3903_MVL.png,,,nok
3904_MVL.png,,,nok
3905_MVL.png,,,nok
3906_RV.png,,,
3907_RV.png,,,
3908_RV.png,,,
3909_RV.png,,,
3910_RV.png,,,
3911_RV.png,,,
3912_RV.png,,,
3913_RV.png,,,
3914_RV.png,,,
3915_RV.png,,,
3916_RV.png,,,
3917_RV.png,,,
3918_RV.png,,,
3919_FV.png,,,
3920_FV.png,,,
3921_FV.png,,,
3922_FV.png,,,
3923_FV.png,,,
3924_FV.png,,,
3925_FV.png,,,
3926_FV.png,,,
3927_MVL.png,,,
3928_MVL.png,,,
3929_MVL.png,,,
3930_MVL.png,,,
3931_MVL.png,,,
3932_MVL.png,,,
3933_MVL.png,,,
3934_MVR.png,,,
3935_MVR.png,,,
3936_MVR.png,,,
3937_MVR.png,,,
3938_MVR.png,,,
3939_MVR.png,,,
3940_MVR.png,,,
3941_MVR.png,,,
3942_RV.png,,unclear,nok
3943_RV.png,,unclear,nok
3944_RV.png,,unclear,nok
3945_RV.png,,unclear,nok
3946_RV.png,,unclear,nok
3947_RV.png,,unclear,nok
3948_RV.png,,unclear,nok
3949_FV.png,,,nok
3950_FV.png,,,nok
3951_FV.png,,,nok
3952_FV.png,,,nok
3953_FV.png,,,nok
3954_FV.png,,,nok
3955_FV.png,,,nok
3956_FV.png,,,nok
3957_MVL.png,nok,,nok
3958_MVL.png,nok,,nok
3959_MVL.png,nok,,nok
3960_MVL.png,nok,,nok
3961_MVL.png,nok,,nok
3962_MVL.png,nok,,nok
3963_MVL.png,nok,,nok
3964_MVR.png,,,
3965_MVR.png,,,
3966_MVR.png,,,
3967_MVR.png,,,
3968_MVR.png,,,
3969_MVR.png,,,
3970_MVR.png,,,
3971_RV.png,,unclear,nok
3972_RV.png,,unclear,nok
3973_RV.png,,unclear,nok
3974_RV.png,,unclear,nok
3975_RV.png,,unclear,nok
3976_RV.png,,unclear,nok
3977_RV.png,,unclear,nok
3978_RV.png,,unclear,nok
3979_FV.png,,,
3980_FV.png,,,
3981_FV.png,,,
3982_FV.png,,,
3983_FV.png,,,
3984_FV.png,,,
3985_FV.png,,,
3986_FV.png,,,
3987_MVL.png,,,nok
3988_MVL.png,,,nok
3989_MVL.png,,,nok
3990_MVL.png,,,nok
3991_MVL.png,,,nok
3992_MVL.png,,,nok
3993_MVL.png,,,nok
3994_MVR.png,,,nok
3995_MVR.png,,,nok
3996_MVR.png,,,nok
3997_MVR.png,,,nok
3998_MVR.png,,,nok
3999_MVR.png,,,nok
4000_MVR.png,,,nok
4001_MVR.png,,,nok
4002_RV.png,,,
4003_RV.png,,,
4004_RV.png,,,
4005_RV.png,,,
4006_RV.png,,,
4007_RV.png,,,
4008_RV.png,,,
4009_FV.png,,,
4010_FV.png,,,
4011_FV.png,,,
4012_FV.png,,,
4013_FV.png,,,
4014_FV.png,,,
4015_FV.png,,,
4016_FV.png,,,
4017_FV.png,,,
4018_FV.png,,,
4019_MVL.png,,,
4020_MVL.png,,,
4021_MVL.png,,,
4022_MVL.png,,,
4023_MVL.png,,,
4024_MVL.png,,,
4025_MVL.png,,,
4026_MVL.png,,,
4027_MVR.png,,,nok
4028_MVR.png,,,nok
4029_MVR.png,,,nok
4030_MVR.png,,,nok
4031_MVR.png,,,nok
4032_MVR.png,,,nok
4033_MVR.png,,,nok
4034_MVR.png,,,nok
4035_MVR.png,,,nok
4036_RV.png,,,
4037_RV.png,,,
4038_RV.png,,,
4039_RV.png,,,
4040_RV.png,,,
4041_RV.png,,,
4042_RV.png,,,
4043_RV.png,,,
4044_FV.png,,,nok
4045_FV.png,,,nok
4046_FV.png,,,nok
4047_FV.png,,,nok
4048_FV.png,,,nok
4049_FV.png,,,nok
4050_FV.png,,,nok
4051_FV.png,,,nok
4052_MVL.png,,,nok
4053_MVL.png,,,nok
4054_MVL.png,,,nok
4055_MVL.png,,,nok
4056_MVL.png,,,nok
4057_MVL.png,,,nok
4058_MVL.png,,,nok
4059_MVR.png,,,nok
4060_MVR.png,,,nok
4061_MVR.png,,,nok
4062_MVR.png,,,nok
4063_MVR.png,,,nok
4064_MVR.png,,,nok
4065_MVR.png,,,nok
4066_MVR.png,,,nok
4067_RV.png,,,nok
4068_RV.png,,,nok
4069_RV.png,,,nok
4070_RV.png,,,nok
4071_RV.png,,,nok
4072_RV.png,,,nok
4073_RV.png,,,nok
4074_FV.png,,,nok
4075_FV.png,,,nok
4076_FV.png,,,nok
4077_FV.png,,,nok
4078_FV.png,,,nok
4079_FV.png,,,nok
4080_FV.png,,,nok
4081_FV.png,,,nok
4082_MVL.png,,,nok
4083_MVL.png,,,nok
4084_MVL.png,,,nok
4085_MVL.png,,,nok
4086_MVL.png,,,nok
4087_MVL.png,,,nok
4088_MVL.png,,,nok
4089_MVR.png,,,nok
4090_MVR.png,,,nok
4091_MVR.png,,,nok
4092_MVR.png,,,nok
4093_MVR.png,,,nok
4094_MVR.png,,,nok
4095_MVR.png,,,nok
4096_MVR.png,,,nok
4097_RV.png,,,nok
4098_RV.png,,,nok
4099_RV.png,,,nok
4100_RV.png,,,nok
4101_RV.png,,,nok
4102_RV.png,,,nok
4103_RV.png,,,nok
4104_FV.png,,unclear,nok
4105_FV.png,,unclear,nok
4106_FV.png,,unclear,nok
4107_FV.png,,unclear,nok
4108_FV.png,,unclear,nok
4109_FV.png,,unclear,nok
4110_FV.png,,unclear,nok
4111_FV.png,,unclear,nok
4112_FV.png,,unclear,nok
4113_FV.png,,unclear,nok
4114_FV.png,,unclear,nok
4115_MVL.png,nok,,nok
4116_MVL.png,nok,,nok
4117_MVL.png,nok,,nok
4118_MVL.png,nok,,nok
4119_MVL.png,nok,,nok
4120_MVL.png,nok,,nok
4121_MVL.png,nok,,nok
4122_MVL.png,nok,,nok
4123_MVL.png,nok,,nok
4124_MVL.png,nok,,nok
4125_MVR.png,nok,,nok
4126_MVR.png,nok,,nok
4127_RV.png,,,
4128_RV.png,,,
4129_RV.png,,,
4130_RV.png,,,
4131_RV.png,,,
4132_RV.png,,,
4133_FV.png,,,
4134_FV.png,,,
4135_FV.png,,,
4136_FV.png,,,
4137_MVL.png,,,
4138_MVL.png,,,
4139_MVL.png,,,
4140_MVR.png,,,
4141_MVR.png,,,
4142_MVR.png,,,
4143_MVR.png,,,
4144_MVR.png,,,
4145_RV.png,,,nok
4146_RV.png,,,nok
4147_RV.png,,,nok
4148_RV.png,,,nok
4149_RV.png,,,nok
4150_FV.png,nok,,nok
4151_FV.png,nok,,nok
4152_FV.png,nok,,nok
4153_FV.png,nok,,nok
4154_FV.png,nok,,nok
4155_FV.png,nok,,nok
4156_FV.png,nok,,nok
4157_FV.png,nok,,nok
4158_MVL.png,,unclear,nok
4159_MVL.png,,unclear,nok
4160_MVL.png,,unclear,nok
4161_MVL.png,,unclear,nok
4162_MVL.png,,unclear,nok
4163_MVL.png,,unclear,nok
4164_MVL.png,,unclear,nok
4165_MVR.png,,unclear,nok
4166_MVR.png,,unclear,nok
4167_MVR.png,,unclear,nok
4168_MVR.png,,unclear,nok
4169_MVR.png,,unclear,nok
4170_MVR.png,,unclear,nok
4171_MVR.png,,unclear,nok
4172_MVR.png,,unclear,nok
4173_RV.png,,unclear,nok
4174_RV.png,,unclear,nok
4175_RV.png,,unclear,nok
4176_RV.png,,unclear,nok
4177_RV.png,,unclear,nok
4178_RV.png,,unclear,nok
4179_RV.png,,unclear,nok
4180_FV.png,,unclear,nok
4181_FV.png,,unclear,nok
4182_FV.png,,unclear,nok
4183_FV.png,,unclear,nok
4184_FV.png,,unclear,nok
4185_FV.png,,unclear,nok
4186_FV.png,,unclear,nok
4187_MVL.png,,unclear,nok
4188_MVL.png,,unclear,nok
4189_MVL.png,,unclear,nok
4190_MVL.png,,unclear,nok
4191_MVL.png,,unclear,nok
4192_MVL.png,,unclear,nok
4193_MVL.png,,unclear,nok
4194_MVR.png,,,
4195_MVR.png,,,
4196_MVR.png,,,
4197_MVR.png,,,
4198_MVR.png,,,
4199_MVR.png,,,
4200_MVR.png,,,
4201_MVR.png,,,
4202_RV.png,,unclear,nok
4203_RV.png,,unclear,nok
4204_RV.png,,unclear,nok
4205_RV.png,,unclear,nok
4206_RV.png,,unclear,nok
4207_RV.png,,unclear,nok
4208_RV.png,,unclear,nok
4209_FV.png,,,
4210_FV.png,,,
4211_FV.png,,,
4212_FV.png,,,
4213_FV.png,,,
4214_MVL.png,,,
4215_MVL.png,,,
4216_MVL.png,,,
4217_MVL.png,,,
4218_MVL.png,,,
4219_MVL.png,,,
4220_MVR.png,,,
4221_MVR.png,,,
4222_MVR.png,,,
4223_MVR.png,,,
4224_MVR.png,,,
4225_RV.png,,,
4226_RV.png,,,
4227_RV.png,,,
4228_RV.png,,,
4229_RV.png,,,
4230_RV.png,,,
4231_RV.png,,,
4232_FV.png,,,nok
4233_FV.png,,,nok
4234_FV.png,,,nok
4235_FV.png,,,nok
4236_FV.png,,,nok
4237_FV.png,,,nok
4238_FV.png,,,nok
4239_FV.png,,,nok
4240_MVL.png,,unclear,nok
4241_MVL.png,,unclear,nok
4242_MVL.png,,unclear,nok
4243_MVL.png,,unclear,nok
4244_MVL.png,,unclear,nok
4245_MVL.png,,unclear,nok
4246_MVL.png,,unclear,nok
4247_MVR.png,,unclear,nok
4248_MVR.png,,unclear,nok
4249_MVR.png,,unclear,nok
4250_MVR.png,,unclear,nok
4251_MVR.png,,unclear,nok
4252_MVR.png,,unclear,nok
4253_MVR.png,,unclear,nok
4254_MVR.png,,unclear,nok
4255_RV.png,,,
4256_RV.png,,,
4257_RV.png,,,
4258_RV.png,,,
4259_RV.png,,,
4260_RV.png,,,
4261_RV.png,,,
4262_FV.png,,,
4263_FV.png,,,
4264_FV.png,,,
4265_FV.png,,,
4266_FV.png,,,
4267_FV.png,,,
4268_FV.png,,,
4269_MVL.png,,,
4270_MVL.png,,,
4271_MVL.png,,,
4272_MVL.png,,,
4273_MVL.png,,,
4274_MVL.png,,,
4275_MVL.png,,,
4276_MVR.png,,unclear,nok
4277_MVR.png,,unclear,nok
4278_MVR.png,,unclear,nok
4279_MVR.png,,unclear,nok
4280_MVR.png,,unclear,nok
4281_MVR.png,,unclear,nok
4282_MVR.png,,unclear,nok
4283_MVR.png,,unclear,nok
4284_RV.png,,unclear,nok
4285_RV.png,,unclear,nok
4286_RV.png,,unclear,nok
4287_RV.png,,unclear,nok
4288_RV.png,,unclear,nok
4289_RV.png,,unclear,nok
4290_RV.png,,unclear,nok
4291_FV.png,,,nok
4292_FV.png,,,nok
4293_FV.png,,,nok
4294_FV.png,,,nok
4295_FV.png,,,nok
4296_FV.png,,,nok
4297_FV.png,,,nok
4298_FV.png,,,nok
4299_MVL.png,,,nok
4300_MVL.png,,,nok
4301_MVL.png,,,nok
4302_MVL.png,,,nok
4303_MVL.png,,,nok
4304_MVL.png,,,nok
4305_MVL.png,,,nok
4306_MVR.png,,,nok
4307_MVR.png,,,nok
4308_MVR.png,,,nok
4309_MVR.png,,,nok
4310_MVR.png,,,nok
4311_MVR.png,,,nok
4312_MVR.png,,,nok
4313_RV.png,nok,,nok
4314_RV.png,nok,,nok
4315_RV.png,nok,,nok
4316_RV.png,nok,,nok
4317_RV.png,nok,,nok
4318_RV.png,nok,,nok
4319_RV.png,nok,,nok
4320_RV.png,nok,,nok
4321_FV.png,,unclear,nok
4322_FV.png,,unclear,nok
4323_FV.png,,unclear,nok
4324_FV.png,,unclear,nok
4325_FV.png,,unclear,nok
4326_FV.png,,unclear,nok
4327_FV.png,,unclear,nok
4328_FV.png,,unclear,nok
4329_FV.png,,unclear,nok
4330_FV.png,,unclear,nok
4331_FV.png,,unclear,nok
4332_FV.png,,unclear,nok
4333_MVL.png,nok,,nok
4334_MVL.png,nok,,nok
4335_MVL.png,nok,,nok
4336_MVL.png,nok,,nok
4337_MVL.png,nok,,nok
4338_MVL.png,nok,,nok
4339_MVL.png,nok,,nok
4340_MVL.png,nok,,nok
4341_MVL.png,nok,,nok
4342_MVL.png,nok,,nok
4343_MVL.png,nok,,nok
4344_MVL.png,nok,,nok
4345_MVR.png,,unclear,nok
4346_MVR.png,,unclear,nok
4347_MVR.png,,unclear,nok
4348_MVR.png,,unclear,nok
4349_MVR.png,,unclear,nok
4350_MVR.png,,unclear,nok
4351_MVR.png,,unclear,nok
4352_MVR.png,,unclear,nok
4353_MVR.png,,unclear,nok
4354_MVR.png,,unclear,nok
4355_MVR.png,,,nok
4356_MVR.png,,unclear,nok
4357_RV.png,,unclear,nok
4358_RV.png,,unclear,nok
4359_RV.png,,unclear,nok
4360_RV.png,,unclear,nok
4361_RV.png,,unclear,nok
4362_RV.png,,unclear,nok
4363_RV.png,,unclear,nok
4364_RV.png,,unclear,nok
4365_RV.png,,unclear,nok
4366_RV.png,,unclear,nok
4367_RV.png,,unclear,nok
4368_RV.png,,unclear,nok
4369_FV.png,,,
4370_FV.png,,,
4371_FV.png,,,
4372_FV.png,,,
4373_FV.png,,,
4374_FV.png,,,
4375_FV.png,,,
4376_FV.png,,,
4377_MVL.png,,,
4378_MVL.png,,,
4379_MVL.png,,,
4380_MVL.png,,,
4381_MVL.png,,,
4382_MVL.png,,,
4383_MVL.png,,,
4384_MVR.png,,,
4385_MVR.png,,,
4386_MVR.png,,,
4387_MVR.png,,,
4388_MVR.png,,,
4389_MVR.png,,,
4390_MVR.png,,,
4391_MVR.png,,,
4392_RV.png,,,
4393_RV.png,,,
4394_RV.png,,,
4395_RV.png,,,
4396_RV.png,,,
4397_RV.png,,,
4398_RV.png,,,
4399_FV.png,nok,,nok
4400_FV.png,nok,,nok
4401_FV.png,nok,,nok
4402_FV.png,nok,,nok
4403_FV.png,nok,,nok
4404_FV.png,nok,,nok
4405_FV.png,nok,,nok
4406_FV.png,nok,,nok
4407_MVL.png,,,
4408_MVL.png,,,
4409_MVL.png,,,
4410_MVL.png,,,
4411_MVL.png,,,
4412_MVL.png,,,
4413_MVL.png,,,
4414_MVR.png,,,
4415_MVR.png,,,
4416_MVR.png,,,
4417_MVR.png,,,
4418_MVR.png,,,
4419_MVR.png,,,
4420_MVR.png,,,
4421_RV.png,,,
4422_RV.png,,,
4423_RV.png,,,
4424_RV.png,,,
4425_RV.png,,,
4426_RV.png,,,
4427_RV.png,,,
4428_RV.png,,,
4429_FV.png,,,
4430_FV.png,,,
4431_FV.png,,,
4432_FV.png,,,
4433_FV.png,,,
4434_FV.png,,,
4435_FV.png,,,
4436_FV.png,,,
4437_MVL.png,,,
4438_MVL.png,,,
4439_MVL.png,,,
4440_MVL.png,,,
4441_MVL.png,,,
4442_MVL.png,,,
4443_MVL.png,,,
4444_MVR.png,,,nok
4445_MVR.png,,,nok
4446_MVR.png,,,nok
4447_MVR.png,,,nok
4448_MVR.png,,,nok
4449_MVR.png,,,nok
4450_MVR.png,,,nok
4451_MVR.png,,,nok
4452_RV.png,,,
4453_RV.png,,,
4454_RV.png,,,
4455_RV.png,,,
4456_RV.png,,,
4457_RV.png,,,
4458_RV.png,,,
4459_FV.png,,,nok
4460_FV.png,,,nok
4461_FV.png,,,nok
4462_FV.png,,,nok
4463_FV.png,,,nok
4464_FV.png,,,nok
4465_FV.png,,,nok
4466_FV.png,,,nok
4467_FV.png,,,nok
4468_FV.png,,,nok
4469_FV.png,,,nok
4470_MVL.png,nok,,nok
4471_MVL.png,nok,,nok
4472_MVL.png,nok,,nok
4473_MVL.png,nok,,nok
4474_MVL.png,nok,,nok
4475_MVL.png,nok,,nok
4476_MVL.png,nok,,nok
4477_MVL.png,nok,,nok
4478_MVL.png,nok,,nok
4479_MVL.png,nok,,nok
4480_MVR.png,,,
4481_MVR.png,,,
4482_MVR.png,,,
4483_MVR.png,,,
4484_MVR.png,,,
4485_MVR.png,,,
4486_MVR.png,,,
4487_MVR.png,,,
4488_MVR.png,,,
4489_MVR.png,,,
4490_MVR.png,,,
4491_RV.png,,,
4492_RV.png,,,
4493_RV.png,,,
4494_RV.png,,,
4495_RV.png,,,
4496_RV.png,,,
4497_RV.png,,,
4498_RV.png,,,
4499_RV.png,,,
4500_RV.png,,,
4501_FV.png,,,nok
4502_FV.png,,,nok
4503_FV.png,,,nok
4504_FV.png,,,nok
4505_FV.png,,,nok
4506_FV.png,,,nok
4507_FV.png,,,nok
4508_FV.png,,,nok
4509_FV.png,,,nok
4510_MVL.png,,,nok
4511_MVL.png,,,nok
4512_MVL.png,,,nok
4513_MVL.png,,,nok
4514_MVL.png,,,nok
4515_MVL.png,,,nok
4516_MVL.png,,,nok
4517_MVL.png,,,nok
4518_MVR.png,,,
4519_MVR.png,,,
4520_MVR.png,,,
4521_MVR.png,,,
4522_MVR.png,,,
4523_MVR.png,,,
4524_MVR.png,,,
4525_MVR.png,,,
4526_RV.png,,,
4527_RV.png,,,
4528_RV.png,,,
4529_RV.png,,,
4530_RV.png,,,
4531_RV.png,,,
4532_RV.png,,,
4533_RV.png,,,
4534_FV.png,,,
4535_FV.png,,,
4536_FV.png,,,
4537_FV.png,,,
4538_MVL.png,,,
4539_MVL.png,,,
4540_MVL.png,,,
4541_MVL.png,,,
4542_MVL.png,,,
4543_MVL.png,,,
4544_MVL.png,,,
4545_MVL.png,,,
4546_MVR.png,,,
4547_MVR.png,,,
4548_MVR.png,,,
4549_MVR.png,,,
4550_MVR.png,,,
4551_RV.png,,,
4552_RV.png,,,
4553_RV.png,,,
4554_RV.png,,,
4555_RV.png,,,
4556_FV.png,,,nok
4557_FV.png,,,nok
4558_FV.png,,,nok
4559_FV.png,,,nok
4560_MVL.png,,,nok
4561_MVL.png,,,nok
4562_MVL.png,,,nok
4563_MVL.png,,,nok
4564_MVR.png,,unclear,nok
4565_MVR.png,,unclear,nok
4566_MVR.png,,unclear,nok
4567_MVR.png,,unclear,nok
4568_RV.png,,,nok
4569_RV.png,,,nok
4570_RV.png,,,nok
4571_RV.png,,,nok
4572_FV.png,,unclear,nok
4573_FV.png,,unclear,nok
4574_FV.png,,unclear,nok
4575_FV.png,,unclear,nok
4576_FV.png,,unclear,nok
4577_FV.png,,unclear,nok
4578_FV.png,,unclear,nok
4579_FV.png,,unclear,nok
4580_MVL.png,nok,,nok
4581_MVL.png,nok,,nok
4582_MVL.png,nok,,nok
4583_MVL.png,nok,,nok
4584_MVL.png,nok,,nok
4585_MVL.png,nok,,nok
4586_MVL.png,nok,,nok
4587_MVR.png,,unclear,nok
4588_MVR.png,,unclear,nok
4589_MVR.png,,unclear,nok
4590_MVR.png,,unclear,nok
4591_MVR.png,,unclear,nok
4592_MVR.png,,unclear,nok
4593_MVR.png,,unclear,nok
4594_MVR.png,,unclear,nok
4595_RV.png,nok,,nok
4596_RV.png,nok,,nok
4597_RV.png,nok,,nok
4598_RV.png,nok,,nok
4599_RV.png,nok,,nok
4600_RV.png,nok,,nok
4601_RV.png,nok,,nok
4602_FV.png,,,
4603_FV.png,,,
4604_FV.png,,,
4605_FV.png,,,
4606_FV.png,,,
4607_FV.png,,,
4608_FV.png,,,
4609_FV.png,,,
4610_MVL.png,,,nok
4611_MVL.png,,,nok
4612_MVL.png,,,nok
4613_MVL.png,,,nok
4614_MVL.png,,,nok
4615_MVL.png,,,nok
4616_MVL.png,,,nok
4617_MVR.png,,,nok
4618_MVR.png,,,nok
4619_MVR.png,,,nok
4620_MVR.png,,,nok
4621_MVR.png,,,nok
4622_MVR.png,,,nok
4623_MVR.png,,,nok
4624_MVR.png,,,nok
4625_RV.png,nok,,nok
4626_RV.png,nok,,nok
4627_RV.png,nok,,nok
4628_RV.png,nok,,nok
4629_RV.png,nok,,nok
4630_RV.png,nok,,nok
4631_RV.png,nok,,nok
4632_FV.png,nok,,nok
4633_FV.png,nok,,nok
4634_FV.png,nok,,nok
4635_FV.png,nok,,nok
4636_MVL.png,,,nok
4637_MVL.png,,,nok
4638_MVL.png,,,nok
4639_MVL.png,,,nok
4640_MVR.png,nok,,nok
4641_MVR.png,nok,,nok
4642_MVR.png,nok,,nok
4643_MVR.png,nok,,nok
4644_RV.png,nok,,nok
4645_RV.png,nok,,nok
4646_RV.png,nok,,nok
4647_RV.png,nok,,nok
4648_FV.png,nok,,nok
4649_FV.png,nok,,nok
4650_FV.png,nok,,nok
4651_FV.png,nok,,nok
4652_FV.png,nok,,nok
4653_FV.png,nok,,nok
4654_MVL.png,,,nok
4655_MVL.png,,,nok
4656_MVL.png,,,nok
4657_MVL.png,,,nok
4658_MVR.png,,,nok
4659_MVR.png,,,nok
4660_MVR.png,,,nok
4661_MVR.png,,,nok
4662_MVR.png,,,nok
4663_MVR.png,,,nok
4664_RV.png,,,nok
4665_RV.png,,,nok
4666_RV.png,,,nok
4667_RV.png,,,nok
4668_RV.png,,,nok
4669_RV.png,,,nok
4670_RV.png,,,nok
4671_FV.png,,,nok
4672_FV.png,,,nok
4673_FV.png,,,nok
4674_FV.png,,,nok
4675_FV.png,,,nok
4676_FV.png,,,nok
4677_FV.png,,,nok
4678_FV.png,,,nok
4679_MVL.png,,,nok
4680_MVL.png,,,nok
4681_MVL.png,,,nok
4682_MVL.png,,,nok
4683_MVL.png,,,nok
4684_MVL.png,,,nok
4685_MVL.png,,,nok
4686_MVR.png,nok,,nok
4687_MVR.png,nok,,nok
4688_MVR.png,nok,,nok
4689_MVR.png,nok,,nok
4690_MVR.png,nok,,nok
4691_MVR.png,nok,,nok
4692_MVR.png,nok,,nok
4693_MVR.png,nok,,nok
4694_RV.png,,,nok
4695_RV.png,,,nok
4696_RV.png,,,nok
4697_RV.png,,,nok
4698_RV.png,,,nok
4699_RV.png,,,nok
4700_RV.png,,,nok
4701_FV.png,,,nok
4702_FV.png,,,nok
4703_MVL.png,,,
4704_MVL.png,,,
4705_MVL.png,,,
4706_MVL.png,,,
4707_MVL.png,,,
4708_MVL.png,,,
4709_MVL.png,,,
4710_MVL.png,,,
4711_MVR.png,,,nok
4712_MVR.png,,,nok
4713_MVR.png,,,nok
4714_MVR.png,,,nok
4715_MVR.png,,,nok
4716_RV.png,,,
4717_RV.png,,,
4718_RV.png,,,
4719_RV.png,,,
4720_RV.png,,,
4721_RV.png,,,
4722_RV.png,,,
4723_RV.png,,,
4724_RV.png,,,
4725_RV.png,,,
4726_FV.png,,unclear,nok
4727_FV.png,,unclear,nok
4728_FV.png,,unclear,nok
4729_FV.png,,unclear,nok
4730_FV.png,,unclear,nok
4731_FV.png,,unclear,nok
4732_FV.png,,unclear,nok
4733_FV.png,,unclear,nok
4734_FV.png,,unclear,nok
4735_MVL.png,,,nok
4736_MVL.png,,,nok
4737_MVL.png,,,nok
4738_MVL.png,,,nok
4739_MVL.png,,,nok
4740_MVL.png,,,nok
4741_MVR.png,,,
4742_MVR.png,,,
4743_MVR.png,,,
4744_MVR.png,,,
4745_MVR.png,,,
4746_MVR.png,,,
4747_MVR.png,,,
4748_MVR.png,,,
4749_RV.png,,,nok
4750_RV.png,,,nok
4751_RV.png,,,nok
4752_RV.png,,,nok
4753_RV.png,,,nok
4754_RV.png,,,nok
4755_RV.png,,,nok
4756_RV.png,,,nok
4757_FV.png,,,
4758_FV.png,,,
4759_FV.png,,,
4760_FV.png,,,
4761_FV.png,,,
4762_MVL.png,,,
4763_MVL.png,,,
4764_MVL.png,,,
4765_MVL.png,,,
4766_MVL.png,,,
4767_MVR.png,,,nok
4768_MVR.png,,,nok
4769_MVR.png,,,nok
4770_MVR.png,,,nok
4771_MVR.png,,,nok
4772_RV.png,nok,,nok
4773_RV.png,nok,,nok
4774_RV.png,nok,,nok
4775_RV.png,nok,,nok
4776_RV.png,nok,,nok
4777_FV.png,,,
4778_FV.png,,,
4779_FV.png,,,
4780_FV.png,,,
4781_FV.png,,,
4782_FV.png,,,
4783_FV.png,,,
4784_FV.png,,,
4785_MVL.png,,,
4786_MVL.png,,,
4787_MVL.png,,,
4788_MVL.png,,,
4789_MVL.png,,,
4790_MVL.png,,,
4791_MVL.png,,,
4792_MVR.png,,,
4793_MVR.png,,,
4794_MVR.png,,,
4795_MVR.png,,,
4796_MVR.png,,,
4797_MVR.png,,,
4798_MVR.png,,,
4799_MVR.png,,,
4800_RV.png,,,
4801_RV.png,,,
4802_RV.png,,,
4803_RV.png,,,
4804_RV.png,,,
4805_RV.png,,,
4806_RV.png,,,
4807_FV.png,,,
4808_FV.png,,,
4809_FV.png,,,
4810_FV.png,,,
4811_FV.png,,,
4812_FV.png,,,
4813_FV.png,,,
4814_FV.png,,,
4815_FV.png,,,
4816_MVL.png,,,
4817_MVL.png,,,
4818_MVL.png,,,
4819_MVL.png,,,
4820_MVL.png,,,
4821_MVL.png,,,
4822_MVL.png,,,
4823_MVL.png,,,
4824_MVL.png,,,
4825_MVR.png,,,nok
4826_MVR.png,,,nok
4827_MVR.png,,,nok
4828_MVR.png,,,nok
4829_MVR.png,,,nok
4830_MVR.png,,,nok
4831_MVR.png,,,nok
4832_MVR.png,,,nok
4833_MVR.png,,,nok
4834_RV.png,,,
4835_RV.png,,,
4836_RV.png,,,
4837_RV.png,,,
4838_RV.png,,,
4839_RV.png,,,
4840_RV.png,,,
4841_RV.png,,,
4842_RV.png,,,
4843_FV.png,nok,,nok
4844_FV.png,nok,,nok
4845_FV.png,nok,,nok
4846_FV.png,nok,,nok
4847_FV.png,nok,,nok
4848_FV.png,nok,,nok
4849_FV.png,nok,,nok
4850_FV.png,nok,,nok
4851_FV.png,nok,,nok
4852_FV.png,nok,,nok
4853_FV.png,nok,,nok
4854_MVL.png,nok,,nok
4855_MVL.png,nok,,nok
4856_MVL.png,nok,,nok
4857_MVL.png,nok,,nok
4858_MVL.png,nok,,nok
4859_MVL.png,nok,,nok
4860_MVL.png,nok,,nok
4861_MVL.png,nok,,nok
4862_MVL.png,nok,,nok
4863_MVL.png,nok,,nok
4864_MVR.png,nok,,nok
4865_MVR.png,nok,,nok
4866_MVR.png,nok,,nok
4867_MVR.png,nok,,nok
4868_MVR.png,nok,,nok
4869_MVR.png,nok,,nok
4870_MVR.png,nok,,nok
4871_MVR.png,nok,,nok
4872_MVR.png,nok,,nok
4873_MVR.png,nok,,nok
4874_FV.png,,,
4875_FV.png,,,
4876_FV.png,,,
4877_FV.png,,,
4878_FV.png,,,
4879_FV.png,,,
4880_FV.png,,,
4881_FV.png,,,
4882_MVL.png,,,nok
4883_MVL.png,,,nok
4884_MVL.png,,,nok
4885_MVL.png,,,nok
4886_MVL.png,,,nok
4887_MVL.png,,,nok
4888_MVL.png,,,nok
4889_MVR.png,,,
4890_MVR.png,,,
4891_MVR.png,,,
4892_MVR.png,,,
4893_MVR.png,,,
4894_MVR.png,,,
4895_MVR.png,,,
4896_RV.png,,,
4897_RV.png,,,
4898_RV.png,,,
4899_RV.png,,,
4900_RV.png,,,
4901_RV.png,,,
4902_RV.png,,,
4903_RV.png,,,
4904_FV.png,,,
4905_FV.png,,,
4906_FV.png,,,
4907_FV.png,,,
4908_FV.png,,,
4909_FV.png,,,
4910_FV.png,,,
4911_FV.png,,,
4912_MVL.png,,,nok
4913_MVL.png,,,nok
4914_MVL.png,,,nok
4915_MVL.png,,,nok
4916_MVL.png,,,nok
4917_MVL.png,,,nok
4918_MVL.png,,,nok
4919_MVL.png,,,nok
4920_MVR.png,,,
4921_MVR.png,,,
4922_MVR.png,,,
4923_MVR.png,,,
4924_MVR.png,,,
4925_MVR.png,,,
4926_MVR.png,,,
4927_RV.png,,,
4928_RV.png,,,
4929_RV.png,,,
4930_RV.png,,,
4931_RV.png,,,
4932_RV.png,,,
4933_RV.png,,,
4934_RV.png,,,
4935_FV.png,,,
4936_FV.png,,,
4937_FV.png,,,
4938_FV.png,,,
4939_FV.png,,,
4940_FV.png,,,
4941_FV.png,,,
4942_FV.png,,,
4943_FV.png,,,
4944_FV.png,,,
4945_MVL.png,,,
4946_MVL.png,,,
4947_MVL.png,,,
4948_MVL.png,,,
4949_MVL.png,,,
4950_MVL.png,,,
4951_MVL.png,,,
4952_MVL.png,,,
4953_MVL.png,,,
4954_MVL.png,,,
4955_MVR.png,,,
4956_MVR.png,,,
4957_MVR.png,,,
4958_MVR.png,,,
4959_MVR.png,,,
4960_MVR.png,,,
4961_MVR.png,,,
4962_MVR.png,,,
4963_MVR.png,,,
4964_RV.png,,,
4965_RV.png,,,
4966_RV.png,,,
4967_RV.png,,,
4968_RV.png,,,
4969_RV.png,,,
4970_RV.png,,,
4971_RV.png,,,
4972_RV.png,,,
4973_RV.png,,,
4974_FV.png,,,nok
4975_FV.png,,,nok
4976_FV.png,,,nok
4977_FV.png,,,nok
4978_FV.png,,,nok
4979_FV.png,,,nok
4980_FV.png,,,nok
4981_FV.png,,,nok
4982_MVL.png,,,nok
4983_MVL.png,,,nok
4984_MVL.png,,,nok
4985_MVL.png,,,nok
4986_MVL.png,,,nok
4987_MVL.png,,,nok
4988_MVL.png,,,nok
4989_MVR.png,,,nok
4990_MVR.png,,,nok
4991_MVR.png,,,nok
4992_MVR.png,,,nok
4993_MVR.png,,,nok
4994_MVR.png,,,nok
4995_MVR.png,,,nok
4996_MVR.png,,,nok
4997_RV.png,,,
4998_RV.png,,,
4999_RV.png,,,